timestamp,current_replicas,desired_replicas,current_cpu_percentage,target_cpu_percentage
2026-07-21T23:38:13+01:00,1,1,7,50
2026-07-21T23:38:31+01:00,1,1,7,50
2026-07-21T23:38:47+01:00,1,1,7,50
2026-07-21T23:39:03+01:00,1,2,99,50
2026-07-21T23:39:19+01:00,2,2,99,50
2026-07-21T23:39:35+01:00,2,2,99,50
2026-07-21T23:39:51+01:00,2,2,99,50
2026-07-21T23:40:06+01:00,2,4,174,50
2026-07-21T23:40:22+01:00,4,4,174,50
2026-07-21T23:40:38+01:00,4,4,174,50
2026-07-21T23:40:53+01:00,4,7,173,50
2026-07-21T23:41:09+01:00,7,7,175,50
2026-07-21T23:41:25+01:00,7,7,175,50
2026-07-21T23:41:41+01:00,7,14,151,50
2026-07-21T23:41:57+01:00,14,16,151,50
2026-07-21T23:42:13+01:00,16,16,151,50
2026-07-21T23:42:28+01:00,16,16,151,50
2026-07-21T23:42:44+01:00,16,20,151,50
2026-07-21T23:43:00+01:00,20,20,151,50
2026-07-21T23:43:16+01:00,20,20,151,50
2026-07-21T23:43:32+01:00,20,20,151,50
2026-07-21T23:43:48+01:00,20,20,113,50
2026-07-21T23:44:03+01:00,20,20,115,50
2026-07-21T23:44:19+01:00,20,20,113,50
2026-07-21T23:44:35+01:00,20,20,115,50
2026-07-21T23:44:51+01:00,20,20,94,50
2026-07-21T23:45:07+01:00,20,20,94,50
2026-07-21T23:45:23+01:00,20,20,94,50
2026-07-21T23:45:39+01:00,20,20,77,50
2026-07-21T23:45:55+01:00,20,20,77,50
2026-07-21T23:46:11+01:00,20,20,78,50
2026-07-21T23:46:27+01:00,20,20,78,50
2026-07-21T23:46:42+01:00,20,20,151,50
2026-07-21T23:46:58+01:00,20,20,152,50
2026-07-21T23:47:15+01:00,20,20,151,50
2026-07-21T23:47:31+01:00,20,20,151,50
2026-07-21T23:47:47+01:00,20,20,152,50
2026-07-21T23:48:03+01:00,20,20,152,50
2026-07-21T23:48:19+01:00,20,20,152,50
2026-07-21T23:48:34+01:00,20,20,152,50
2026-07-21T23:48:50+01:00,20,20,152,50
2026-07-21T23:49:06+01:00,20,20,152,50
2026-07-21T23:49:22+01:00,20,20,152,50
2026-07-21T23:49:38+01:00,20,20,152,50
2026-07-21T23:49:54+01:00,20,20,151,50
2026-07-21T23:50:10+01:00,20,20,151,50
2026-07-21T23:50:26+01:00,20,20,151,50
2026-07-21T23:50:42+01:00,20,20,150,50
2026-07-21T23:50:58+01:00,20,20,151,50
2026-07-21T23:51:14+01:00,20,20,150,50
2026-07-21T23:51:29+01:00,20,20,150,50
2026-07-21T23:51:45+01:00,20,20,141,50
2026-07-21T23:52:01+01:00,20,20,141,50
2026-07-21T23:52:17+01:00,20,20,141,50
2026-07-21T23:52:33+01:00,20,20,141,50
2026-07-21T23:52:49+01:00,20,20,139,50
2026-07-21T23:53:06+01:00,20,20,140,50
2026-07-21T23:53:22+01:00,20,20,139,50
2026-07-21T23:53:38+01:00,20,20,140,50
2026-07-21T23:53:54+01:00,20,20,131,50
2026-07-21T23:54:10+01:00,20,20,131,50
2026-07-21T23:54:26+01:00,20,20,131,50
2026-07-21T23:54:42+01:00,20,20,144,50
2026-07-21T23:54:58+01:00,20,20,144,50
2026-07-21T23:55:14+01:00,20,20,144,50
2026-07-21T23:55:30+01:00,20,20,144,50
2026-07-21T23:55:46+01:00,20,20,150,50
2026-07-21T23:56:02+01:00,20,20,150,50
2026-07-21T23:56:18+01:00,20,20,151,50
2026-07-21T23:56:35+01:00,20,20,151,50
2026-07-21T23:56:50+01:00,20,20,127,50
2026-07-21T23:57:07+01:00,20,20,127,50
2026-07-21T23:57:23+01:00,20,20,126,50
2026-07-21T23:57:39+01:00,20,20,127,50
2026-07-21T23:57:55+01:00,20,20,134,50
2026-07-21T23:58:11+01:00,20,20,133,50
2026-07-21T23:58:27+01:00,20,20,133,50
2026-07-21T23:58:43+01:00,20,20,152,50
2026-07-21T23:58:59+01:00,20,20,152,50
2026-07-21T23:59:15+01:00,20,20,152,50
2026-07-21T23:59:31+01:00,20,20,152,50
2026-07-21T23:59:47+01:00,20,20,153,50
2026-07-22T00:00:04+01:00,20,20,153,50
2026-07-22T00:00:20+01:00,20,20,152,50
2026-07-22T00:00:36+01:00,20,20,152,50
2026-07-22T00:00:52+01:00,20,20,151,50
2026-07-22T00:01:08+01:00,20,20,151,50
2026-07-22T00:01:24+01:00,20,20,151,50
2026-07-22T00:01:40+01:00,20,20,151,50
2026-07-22T00:01:56+01:00,20,20,152,50
2026-07-22T00:02:12+01:00,20,20,152,50
2026-07-22T00:02:28+01:00,20,20,150,50
2026-07-22T00:02:44+01:00,20,20,153,50
2026-07-22T00:03:00+01:00,20,20,151,50
2026-07-22T00:03:16+01:00,20,20,151,50
2026-07-22T00:03:32+01:00,20,20,151,50
2026-07-22T00:03:48+01:00,20,20,131,50
2026-07-22T00:04:04+01:00,20,20,131,50
2026-07-22T00:04:20+01:00,20,20,131,50
2026-07-22T00:04:36+01:00,20,20,131,50
2026-07-22T00:04:52+01:00,20,20,144,50
2026-07-22T00:05:08+01:00,20,20,144,50
2026-07-22T00:05:24+01:00,20,20,144,50
2026-07-22T00:05:40+01:00,20,20,144,50
2026-07-22T00:05:57+01:00,20,20,151,50
2026-07-22T00:06:13+01:00,20,20,151,50
2026-07-22T00:06:29+01:00,20,20,151,50
2026-07-22T00:06:45+01:00,20,20,152,50
2026-07-22T00:07:01+01:00,20,20,152,50
2026-07-22T00:07:17+01:00,20,20,152,50
2026-07-22T00:07:32+01:00,20,20,152,50
2026-07-22T00:07:48+01:00,20,20,153,50
2026-07-22T00:08:04+01:00,20,20,153,50
2026-07-22T00:08:20+01:00,20,20,153,50
2026-07-22T00:08:36+01:00,20,20,152,50
2026-07-22T00:08:52+01:00,20,20,152,50
2026-07-22T00:09:08+01:00,20,20,152,50
2026-07-22T00:09:24+01:00,20,20,152,50
2026-07-22T00:09:40+01:00,20,20,152,50
2026-07-22T00:09:56+01:00,20,20,153,50
2026-07-22T00:10:12+01:00,20,20,153,50
2026-07-22T00:10:28+01:00,20,20,153,50
2026-07-22T00:10:44+01:00,20,20,153,50
2026-07-22T00:11:00+01:00,20,20,151,50
2026-07-22T00:11:16+01:00,20,20,151,50
2026-07-22T00:11:32+01:00,20,20,151,50
2026-07-22T00:11:48+01:00,20,20,143,50
2026-07-22T00:12:04+01:00,20,20,141,50
2026-07-22T00:12:20+01:00,20,20,143,50
2026-07-22T00:12:36+01:00,20,20,143,50
2026-07-22T00:12:52+01:00,20,20,149,50
2026-07-22T00:13:08+01:00,20,20,149,50
2026-07-22T00:13:24+01:00,20,20,149,50
2026-07-22T00:13:40+01:00,20,20,149,50
2026-07-22T00:13:56+01:00,20,20,129,50
2026-07-22T00:14:12+01:00,20,20,129,50
2026-07-22T00:14:28+01:00,20,20,129,50
2026-07-22T00:14:44+01:00,20,20,129,50
2026-07-22T00:15:00+01:00,20,20,145,50
2026-07-22T00:15:16+01:00,20,20,145,50
2026-07-22T00:15:32+01:00,20,20,144,50
2026-07-22T00:15:48+01:00,20,20,153,50
2026-07-22T00:16:04+01:00,20,20,151,50
2026-07-22T00:16:21+01:00,20,20,153,50
2026-07-22T00:16:37+01:00,20,20,153,50
2026-07-22T00:16:53+01:00,20,20,151,50
2026-07-22T00:17:09+01:00,20,20,151,50
2026-07-22T00:17:24+01:00,20,20,151,50
2026-07-22T00:17:40+01:00,20,20,151,50
2026-07-22T00:17:56+01:00,20,20,153,50
2026-07-22T00:18:13+01:00,20,20,152,50
2026-07-22T00:18:29+01:00,20,20,153,50
2026-07-22T00:18:45+01:00,20,20,153,50
2026-07-22T00:19:00+01:00,20,20,151,50
2026-07-22T00:19:16+01:00,20,20,151,50
2026-07-22T00:19:32+01:00,20,20,151,50
2026-07-22T00:19:48+01:00,20,20,150,50
2026-07-22T00:20:04+01:00,20,20,150,50
2026-07-22T00:20:20+01:00,20,20,150,50
2026-07-22T00:20:35+01:00,20,20,150,50
2026-07-22T00:20:51+01:00,20,20,102,50
2026-07-22T00:21:06+01:00,20,20,102,50
2026-07-22T00:21:22+01:00,20,20,102,50
