timestamp,current_replicas,desired_replicas,current_cpu_percentage,target_cpu_percentage,experiment
2026-07-19T21:58:32+01:00,1.0,1.0,0.0,50.0,baseline
2026-07-19T21:58:48+01:00,1.0,1.0,0.0,50.0,baseline
2026-07-19T21:59:04+01:00,1.0,1.0,0.0,50.0,baseline
2026-07-19T21:59:19+01:00,1.0,1.0,0.0,50.0,baseline
2026-07-19T21:59:36+01:00,1.0,1.0,0.0,50.0,baseline
2026-07-19T21:59:51+01:00,1.0,1.0,0.0,50.0,baseline
2026-07-19T22:00:07+01:00,1.0,1.0,0.0,50.0,baseline
2026-07-19T22:00:23+01:00,1.0,1.0,0.0,50.0,baseline
2026-07-19T22:00:38+01:00,1.0,1.0,0.0,50.0,baseline
2026-07-19T22:00:54+01:00,1.0,1.0,0.0,50.0,baseline
2026-07-19T22:01:10+01:00,1.0,4.0,163.0,50.0,baseline
2026-07-19T22:01:26+01:00,4.0,4.0,163.0,50.0,baseline
2026-07-19T22:01:41+01:00,4.0,4.0,163.0,50.0,baseline
2026-07-19T22:01:57+01:00,4.0,5.0,250.0,50.0,baseline
2026-07-19T22:02:13+01:00,5.0,5.0,250.0,50.0,baseline
2026-07-19T22:02:29+01:00,5.0,5.0,250.0,50.0,baseline
2026-07-19T22:02:45+01:00,5.0,5.0,250.0,50.0,baseline
2026-07-19T22:03:01+01:00,5.0,10.0,240.0,50.0,baseline
2026-07-19T22:03:16+01:00,10.0,10.0,240.0,50.0,baseline
2026-07-19T22:03:32+01:00,10.0,10.0,240.0,50.0,baseline
2026-07-19T22:03:49+01:00,10.0,10.0,240.0,50.0,baseline
2026-07-19T22:04:04+01:00,10.0,10.0,189.0,50.0,baseline
2026-07-19T22:04:20+01:00,10.0,10.0,189.0,50.0,baseline
2026-07-19T22:04:36+01:00,10.0,10.0,189.0,50.0,baseline
2026-07-19T22:04:52+01:00,10.0,10.0,189.0,50.0,baseline
2026-07-19T22:05:08+01:00,10.0,10.0,184.0,50.0,baseline
2026-07-19T22:05:24+01:00,10.0,10.0,184.0,50.0,baseline
2026-07-19T22:05:40+01:00,10.0,10.0,184.0,50.0,baseline
2026-07-19T22:05:55+01:00,10.0,10.0,184.0,50.0,baseline
2026-07-19T22:06:11+01:00,10.0,10.0,182.0,50.0,baseline
2026-07-19T22:06:27+01:00,10.0,10.0,182.0,50.0,baseline
2026-07-19T22:06:43+01:00,10.0,10.0,182.0,50.0,baseline
2026-07-19T22:06:59+01:00,10.0,10.0,183.0,50.0,baseline
2026-07-19T22:07:15+01:00,10.0,10.0,183.0,50.0,baseline
2026-07-19T22:07:30+01:00,10.0,10.0,183.0,50.0,baseline
2026-07-19T22:07:46+01:00,10.0,10.0,183.0,50.0,baseline
2026-07-19T22:08:01+01:00,10.0,10.0,183.0,50.0,baseline
2026-07-19T22:08:17+01:00,10.0,10.0,183.0,50.0,baseline
2026-07-19T22:08:33+01:00,10.0,10.0,183.0,50.0,baseline
2026-07-19T22:08:48+01:00,10.0,10.0,183.0,50.0,baseline
2026-07-19T22:09:04+01:00,10.0,10.0,183.0,50.0,baseline
2026-07-19T22:09:20+01:00,10.0,10.0,183.0,50.0,baseline
2026-07-19T22:09:35+01:00,10.0,10.0,183.0,50.0,baseline
2026-07-19T22:09:51+01:00,10.0,10.0,183.0,50.0,baseline
2026-07-19T22:10:06+01:00,10.0,10.0,181.0,50.0,baseline
2026-07-19T22:10:22+01:00,10.0,10.0,181.0,50.0,baseline
2026-07-19T22:10:38+01:00,10.0,10.0,181.0,50.0,baseline
2026-07-19T22:10:53+01:00,10.0,10.0,181.0,50.0,baseline
2026-07-19T22:11:09+01:00,10.0,10.0,91.0,50.0,baseline
2026-07-19T22:11:25+01:00,10.0,10.0,91.0,50.0,baseline
2026-07-19T22:11:40+01:00,10.0,10.0,91.0,50.0,baseline
2026-07-19T22:11:56+01:00,10.0,10.0,91.0,50.0,baseline
2026-07-19T22:12:12+01:00,10.0,10.0,17.0,50.0,baseline
2026-07-19T22:12:27+01:00,10.0,10.0,17.0,50.0,baseline
2026-07-19T22:12:43+01:00,10.0,10.0,17.0,50.0,baseline
2026-07-19T22:12:58+01:00,10.0,10.0,17.0,50.0,baseline
2026-07-19T22:13:14+01:00,10.0,10.0,0.0,50.0,baseline
2026-07-19T22:13:30+01:00,10.0,10.0,0.0,50.0,baseline
2026-07-19T22:13:45+01:00,10.0,10.0,0.0,50.0,baseline
2026-07-19T22:14:01+01:00,10.0,10.0,0.0,50.0,baseline
2026-07-19T22:14:17+01:00,10.0,10.0,0.0,50.0,baseline
2026-07-19T22:14:33+01:00,10.0,10.0,0.0,50.0,baseline
2026-07-19T22:14:48+01:00,10.0,10.0,0.0,50.0,baseline
2026-07-19T22:15:04+01:00,10.0,10.0,0.0,50.0,baseline
2026-07-19T22:15:20+01:00,10.0,10.0,0.0,50.0,baseline
2026-07-19T22:15:36+01:00,10.0,10.0,0.0,50.0,baseline
2026-07-19T22:15:51+01:00,10.0,10.0,0.0,50.0,baseline
2026-07-19T22:16:07+01:00,10.0,10.0,0.0,50.0,baseline
2026-07-19T22:16:23+01:00,10.0,10.0,0.0,50.0,baseline
2026-07-19T22:16:39+01:00,10.0,10.0,0.0,50.0,baseline
2026-07-19T22:16:55+01:00,10.0,10.0,0.0,50.0,baseline
2026-07-19T22:17:10+01:00,10.0,10.0,0.0,50.0,baseline
2026-07-19T22:17:26+01:00,10.0,10.0,0.0,50.0,baseline
2026-07-19T22:17:41+01:00,10.0,10.0,0.0,50.0,baseline
2026-07-19T22:17:57+01:00,10.0,10.0,0.0,50.0,baseline
2026-07-19T22:18:12+01:00,10.0,10.0,0.0,50.0,baseline
2026-07-19T22:18:28+01:00,10.0,10.0,0.0,50.0,baseline
2026-07-19T22:18:44+01:00,10.0,10.0,0.0,50.0,baseline
2026-07-19T22:18:59+01:00,10.0,1.0,0.0,50.0,baseline
2026-07-19T22:19:15+01:00,1.0,1.0,0.0,50.0,baseline
2026-07-19T22:19:30+01:00,1.0,1.0,0.0,50.0,baseline
2026-07-19T22:19:46+01:00,1.0,1.0,0.0,50.0,baseline
2026-07-19T22:20:02+01:00,1.0,1.0,0.0,50.0,baseline
2026-07-19T22:20:17+01:00,1.0,1.0,0.0,50.0,baseline
2026-07-19T22:20:33+01:00,1.0,1.0,0.0,50.0,baseline
2026-07-19T22:20:49+01:00,1.0,1.0,0.0,50.0,baseline
2026-07-19T22:21:04+01:00,1.0,1.0,0.0,50.0,baseline
2026-07-19T22:21:20+01:00,1.0,1.0,0.0,50.0,baseline
2026-07-19T22:21:35+01:00,1.0,1.0,0.0,50.0,baseline
2026-07-19T22:21:51+01:00,1.0,1.0,0.0,50.0,baseline
2026-07-19T22:22:07+01:00,1.0,1.0,0.0,50.0,baseline
2026-07-19T22:22:22+01:00,1.0,1.0,0.0,50.0,baseline
2026-07-19T22:22:38+01:00,1.0,1.0,0.0,50.0,baseline
2026-07-19T22:22:53+01:00,1.0,1.0,0.0,50.0,baseline
2026-07-19T22:23:09+01:00,1.0,1.0,0.0,50.0,baseline
2026-07-19T22:23:25+01:00,1.0,1.0,0.0,50.0,baseline
2026-07-19T22:23:40+01:00,1.0,1.0,0.0,50.0,baseline
2026-07-19T23:34:02+01:00,1.0,1.0,0.0,50.0,gradual_ramp
2026-07-19T23:34:08+01:00,1.0,1.0,0.0,50.0,gradual_ramp
2026-07-19T23:34:14+01:00,1.0,1.0,0.0,50.0,gradual_ramp
2026-07-19T23:34:19+01:00,1.0,1.0,0.0,50.0,gradual_ramp
2026-07-19T23:34:25+01:00,1.0,1.0,0.0,50.0,gradual_ramp
2026-07-19T23:34:30+01:00,1.0,1.0,0.0,50.0,gradual_ramp
2026-07-19T23:34:36+01:00,1.0,1.0,0.0,50.0,gradual_ramp
2026-07-19T23:34:41+01:00,1.0,1.0,0.0,50.0,gradual_ramp
2026-07-19T23:34:47+01:00,1.0,1.0,0.0,50.0,gradual_ramp
2026-07-19T23:34:52+01:00,1.0,1.0,0.0,50.0,gradual_ramp
2026-07-19T23:34:58+01:00,1.0,1.0,0.0,50.0,gradual_ramp
2026-07-19T23:35:03+01:00,1.0,1.0,0.0,50.0,gradual_ramp
2026-07-19T23:35:09+01:00,1.0,1.0,0.0,50.0,gradual_ramp
2026-07-19T23:35:15+01:00,1.0,1.0,0.0,50.0,gradual_ramp
2026-07-19T23:35:21+01:00,1.0,1.0,0.0,50.0,gradual_ramp
2026-07-19T23:35:27+01:00,1.0,1.0,0.0,50.0,gradual_ramp
2026-07-19T23:35:32+01:00,1.0,1.0,0.0,50.0,gradual_ramp
2026-07-19T23:35:38+01:00,1.0,1.0,0.0,50.0,gradual_ramp
2026-07-19T23:35:44+01:00,1.0,1.0,0.0,50.0,gradual_ramp
2026-07-19T23:35:49+01:00,1.0,1.0,0.0,50.0,gradual_ramp
2026-07-19T23:35:55+01:00,1.0,1.0,0.0,50.0,gradual_ramp
2026-07-19T23:36:01+01:00,1.0,1.0,0.0,50.0,gradual_ramp
2026-07-19T23:36:06+01:00,1.0,1.0,42.0,50.0,gradual_ramp
2026-07-19T23:36:12+01:00,1.0,1.0,42.0,50.0,gradual_ramp
2026-07-19T23:36:18+01:00,1.0,1.0,42.0,50.0,gradual_ramp
2026-07-19T23:36:24+01:00,1.0,1.0,42.0,50.0,gradual_ramp
2026-07-19T23:36:29+01:00,1.0,1.0,42.0,50.0,gradual_ramp
2026-07-19T23:36:35+01:00,1.0,1.0,42.0,50.0,gradual_ramp
2026-07-19T23:36:41+01:00,1.0,1.0,42.0,50.0,gradual_ramp
2026-07-19T23:36:46+01:00,1.0,1.0,42.0,50.0,gradual_ramp
2026-07-19T23:36:52+01:00,1.0,1.0,42.0,50.0,gradual_ramp
2026-07-19T23:36:57+01:00,1.0,1.0,42.0,50.0,gradual_ramp
2026-07-19T23:37:03+01:00,1.0,4.0,246.0,50.0,gradual_ramp
2026-07-19T23:37:09+01:00,1.0,4.0,246.0,50.0,gradual_ramp
2026-07-19T23:37:15+01:00,1.0,4.0,246.0,50.0,gradual_ramp
2026-07-19T23:37:21+01:00,4.0,5.0,246.0,50.0,gradual_ramp
2026-07-19T23:37:26+01:00,4.0,5.0,246.0,50.0,gradual_ramp
2026-07-19T23:37:32+01:00,4.0,5.0,246.0,50.0,gradual_ramp
2026-07-19T23:37:38+01:00,5.0,5.0,246.0,50.0,gradual_ramp
2026-07-19T23:37:44+01:00,5.0,5.0,246.0,50.0,gradual_ramp
2026-07-19T23:37:49+01:00,5.0,5.0,246.0,50.0,gradual_ramp
2026-07-19T23:37:55+01:00,5.0,5.0,246.0,50.0,gradual_ramp
2026-07-19T23:38:01+01:00,5.0,5.0,246.0,50.0,gradual_ramp
2026-07-19T23:38:07+01:00,5.0,5.0,250.0,50.0,gradual_ramp
2026-07-19T23:38:12+01:00,5.0,5.0,250.0,50.0,gradual_ramp
2026-07-19T23:38:18+01:00,5.0,5.0,250.0,50.0,gradual_ramp
2026-07-19T23:38:24+01:00,5.0,5.0,250.0,50.0,gradual_ramp
2026-07-19T23:38:30+01:00,5.0,5.0,250.0,50.0,gradual_ramp
2026-07-19T23:38:35+01:00,5.0,5.0,250.0,50.0,gradual_ramp
2026-07-19T23:38:42+01:00,5.0,5.0,250.0,50.0,gradual_ramp
2026-07-19T23:38:47+01:00,5.0,5.0,250.0,50.0,gradual_ramp
2026-07-19T23:38:53+01:00,5.0,5.0,250.0,50.0,gradual_ramp
2026-07-19T23:38:59+01:00,5.0,5.0,250.0,50.0,gradual_ramp
2026-07-19T23:39:05+01:00,5.0,10.0,186.0,50.0,gradual_ramp
2026-07-19T23:39:11+01:00,5.0,10.0,186.0,50.0,gradual_ramp
2026-07-19T23:39:19+01:00,10.0,10.0,186.0,50.0,gradual_ramp
2026-07-19T23:39:25+01:00,10.0,10.0,186.0,50.0,gradual_ramp
2026-07-19T23:39:31+01:00,10.0,10.0,186.0,50.0,gradual_ramp
2026-07-19T23:39:37+01:00,10.0,10.0,186.0,50.0,gradual_ramp
2026-07-19T23:39:43+01:00,10.0,10.0,186.0,50.0,gradual_ramp
2026-07-19T23:39:48+01:00,10.0,10.0,186.0,50.0,gradual_ramp
2026-07-19T23:39:54+01:00,10.0,10.0,186.0,50.0,gradual_ramp
2026-07-19T23:40:00+01:00,10.0,10.0,186.0,50.0,gradual_ramp
2026-07-19T23:40:06+01:00,10.0,10.0,228.0,50.0,gradual_ramp
2026-07-19T23:40:11+01:00,10.0,10.0,228.0,50.0,gradual_ramp
2026-07-19T23:40:17+01:00,10.0,10.0,228.0,50.0,gradual_ramp
2026-07-19T23:40:23+01:00,10.0,10.0,228.0,50.0,gradual_ramp
2026-07-19T23:40:28+01:00,10.0,10.0,228.0,50.0,gradual_ramp
2026-07-19T23:40:34+01:00,10.0,10.0,228.0,50.0,gradual_ramp
2026-07-19T23:40:39+01:00,10.0,10.0,228.0,50.0,gradual_ramp
2026-07-19T23:40:45+01:00,10.0,10.0,228.0,50.0,gradual_ramp
2026-07-19T23:40:50+01:00,10.0,10.0,228.0,50.0,gradual_ramp
2026-07-19T23:40:56+01:00,10.0,10.0,228.0,50.0,gradual_ramp
2026-07-19T23:41:02+01:00,10.0,10.0,228.0,50.0,gradual_ramp
2026-07-19T23:41:07+01:00,10.0,10.0,180.0,50.0,gradual_ramp
2026-07-19T23:41:13+01:00,10.0,10.0,180.0,50.0,gradual_ramp
2026-07-19T23:41:19+01:00,10.0,10.0,180.0,50.0,gradual_ramp
2026-07-19T23:41:24+01:00,10.0,10.0,180.0,50.0,gradual_ramp
2026-07-19T23:41:30+01:00,10.0,10.0,180.0,50.0,gradual_ramp
2026-07-19T23:41:36+01:00,10.0,10.0,180.0,50.0,gradual_ramp
2026-07-19T23:41:41+01:00,10.0,10.0,180.0,50.0,gradual_ramp
2026-07-19T23:41:47+01:00,10.0,10.0,180.0,50.0,gradual_ramp
2026-07-19T23:41:52+01:00,10.0,10.0,180.0,50.0,gradual_ramp
2026-07-19T23:41:58+01:00,10.0,10.0,180.0,50.0,gradual_ramp
2026-07-19T23:42:04+01:00,10.0,10.0,180.0,50.0,gradual_ramp
2026-07-19T23:42:09+01:00,10.0,10.0,183.0,50.0,gradual_ramp
2026-07-19T23:42:15+01:00,10.0,10.0,183.0,50.0,gradual_ramp
2026-07-19T23:42:20+01:00,10.0,10.0,183.0,50.0,gradual_ramp
2026-07-19T23:42:26+01:00,10.0,10.0,183.0,50.0,gradual_ramp
2026-07-19T23:42:32+01:00,10.0,10.0,183.0,50.0,gradual_ramp
2026-07-19T23:42:37+01:00,10.0,10.0,183.0,50.0,gradual_ramp
2026-07-19T23:42:43+01:00,10.0,10.0,183.0,50.0,gradual_ramp
2026-07-19T23:42:48+01:00,10.0,10.0,183.0,50.0,gradual_ramp
2026-07-19T23:42:54+01:00,10.0,10.0,183.0,50.0,gradual_ramp
2026-07-19T23:43:00+01:00,10.0,10.0,183.0,50.0,gradual_ramp
2026-07-19T23:43:05+01:00,10.0,10.0,178.0,50.0,gradual_ramp
2026-07-19T23:43:11+01:00,10.0,10.0,178.0,50.0,gradual_ramp
2026-07-19T23:43:16+01:00,10.0,10.0,178.0,50.0,gradual_ramp
2026-07-19T23:43:22+01:00,10.0,10.0,178.0,50.0,gradual_ramp
2026-07-19T23:43:28+01:00,10.0,10.0,178.0,50.0,gradual_ramp
2026-07-19T23:43:33+01:00,10.0,10.0,178.0,50.0,gradual_ramp
2026-07-19T23:43:39+01:00,10.0,10.0,178.0,50.0,gradual_ramp
2026-07-19T23:43:44+01:00,10.0,10.0,178.0,50.0,gradual_ramp
2026-07-19T23:43:50+01:00,10.0,10.0,178.0,50.0,gradual_ramp
2026-07-19T23:43:55+01:00,10.0,10.0,178.0,50.0,gradual_ramp
2026-07-19T23:44:01+01:00,10.0,10.0,178.0,50.0,gradual_ramp
2026-07-19T23:44:07+01:00,10.0,10.0,148.0,50.0,gradual_ramp
2026-07-19T23:44:12+01:00,10.0,10.0,148.0,50.0,gradual_ramp
2026-07-19T23:44:18+01:00,10.0,10.0,148.0,50.0,gradual_ramp
2026-07-19T23:44:24+01:00,10.0,10.0,148.0,50.0,gradual_ramp
2026-07-19T23:44:29+01:00,10.0,10.0,148.0,50.0,gradual_ramp
2026-07-19T23:44:35+01:00,10.0,10.0,148.0,50.0,gradual_ramp
2026-07-19T23:44:40+01:00,10.0,10.0,148.0,50.0,gradual_ramp
2026-07-19T23:44:46+01:00,10.0,10.0,148.0,50.0,gradual_ramp
2026-07-19T23:44:52+01:00,10.0,10.0,148.0,50.0,gradual_ramp
2026-07-19T23:44:57+01:00,10.0,10.0,148.0,50.0,gradual_ramp
2026-07-19T23:45:03+01:00,10.0,10.0,148.0,50.0,gradual_ramp
2026-07-19T23:45:08+01:00,10.0,10.0,183.0,50.0,gradual_ramp
2026-07-19T23:45:14+01:00,10.0,10.0,183.0,50.0,gradual_ramp
2026-07-19T23:45:20+01:00,10.0,10.0,183.0,50.0,gradual_ramp
2026-07-19T23:45:25+01:00,10.0,10.0,183.0,50.0,gradual_ramp
2026-07-19T23:45:31+01:00,10.0,10.0,183.0,50.0,gradual_ramp
2026-07-19T23:45:37+01:00,10.0,10.0,183.0,50.0,gradual_ramp
2026-07-19T23:45:42+01:00,10.0,10.0,183.0,50.0,gradual_ramp
2026-07-19T23:45:48+01:00,10.0,10.0,183.0,50.0,gradual_ramp
2026-07-19T23:45:54+01:00,10.0,10.0,183.0,50.0,gradual_ramp
2026-07-19T23:45:59+01:00,10.0,10.0,183.0,50.0,gradual_ramp
2026-07-19T23:46:05+01:00,10.0,10.0,183.0,50.0,gradual_ramp
2026-07-19T23:46:10+01:00,10.0,10.0,169.0,50.0,gradual_ramp
2026-07-19T23:46:16+01:00,10.0,10.0,169.0,50.0,gradual_ramp
2026-07-19T23:46:21+01:00,10.0,10.0,169.0,50.0,gradual_ramp
2026-07-19T23:46:27+01:00,10.0,10.0,169.0,50.0,gradual_ramp
2026-07-19T23:46:33+01:00,10.0,10.0,169.0,50.0,gradual_ramp
2026-07-19T23:46:38+01:00,10.0,10.0,169.0,50.0,gradual_ramp
2026-07-19T23:46:44+01:00,10.0,10.0,169.0,50.0,gradual_ramp
2026-07-19T23:46:49+01:00,10.0,10.0,169.0,50.0,gradual_ramp
2026-07-19T23:46:55+01:00,10.0,10.0,169.0,50.0,gradual_ramp
2026-07-19T23:47:00+01:00,10.0,10.0,169.0,50.0,gradual_ramp
2026-07-19T23:47:06+01:00,10.0,10.0,108.0,50.0,gradual_ramp
2026-07-19T23:47:11+01:00,10.0,10.0,108.0,50.0,gradual_ramp
2026-07-19T23:47:17+01:00,10.0,10.0,108.0,50.0,gradual_ramp
2026-07-19T23:47:23+01:00,10.0,10.0,108.0,50.0,gradual_ramp
2026-07-19T23:47:28+01:00,10.0,10.0,108.0,50.0,gradual_ramp
2026-07-19T23:47:34+01:00,10.0,10.0,108.0,50.0,gradual_ramp
2026-07-19T23:47:39+01:00,10.0,10.0,108.0,50.0,gradual_ramp
2026-07-19T23:47:45+01:00,10.0,10.0,108.0,50.0,gradual_ramp
2026-07-19T23:47:50+01:00,10.0,10.0,108.0,50.0,gradual_ramp
2026-07-19T23:47:56+01:00,10.0,10.0,108.0,50.0,gradual_ramp
2026-07-19T23:48:02+01:00,10.0,10.0,108.0,50.0,gradual_ramp
2026-07-19T23:48:07+01:00,10.0,10.0,26.0,50.0,gradual_ramp
2026-07-19T23:48:12+01:00,10.0,10.0,26.0,50.0,gradual_ramp
2026-07-19T23:48:18+01:00,10.0,10.0,26.0,50.0,gradual_ramp
2026-07-19T23:48:23+01:00,10.0,10.0,26.0,50.0,gradual_ramp
2026-07-19T23:48:29+01:00,10.0,10.0,26.0,50.0,gradual_ramp
2026-07-19T23:48:34+01:00,10.0,10.0,26.0,50.0,gradual_ramp
2026-07-19T23:48:40+01:00,10.0,10.0,26.0,50.0,gradual_ramp
2026-07-19T23:48:45+01:00,10.0,10.0,26.0,50.0,gradual_ramp
2026-07-19T23:48:51+01:00,10.0,10.0,26.0,50.0,gradual_ramp
2026-07-19T23:48:56+01:00,10.0,10.0,0.0,50.0,gradual_ramp
2026-07-19T23:49:02+01:00,10.0,10.0,0.0,50.0,gradual_ramp
2026-07-19T23:49:07+01:00,10.0,10.0,0.0,50.0,gradual_ramp
2026-07-19T23:49:14+01:00,10.0,10.0,0.0,50.0,gradual_ramp
2026-07-19T23:49:20+01:00,10.0,10.0,0.0,50.0,gradual_ramp
2026-07-19T23:49:25+01:00,10.0,10.0,0.0,50.0,gradual_ramp
2026-07-19T23:49:31+01:00,10.0,10.0,0.0,50.0,gradual_ramp
2026-07-19T23:49:36+01:00,10.0,10.0,0.0,50.0,gradual_ramp
2026-07-19T23:49:42+01:00,10.0,10.0,0.0,50.0,gradual_ramp
2026-07-19T23:49:47+01:00,10.0,10.0,0.0,50.0,gradual_ramp
2026-07-19T23:49:53+01:00,10.0,10.0,0.0,50.0,gradual_ramp
2026-07-19T23:49:58+01:00,10.0,10.0,0.0,50.0,gradual_ramp
2026-07-19T23:50:04+01:00,10.0,10.0,0.0,50.0,gradual_ramp
2026-07-19T23:50:09+01:00,10.0,10.0,0.0,50.0,gradual_ramp
2026-07-19T23:50:15+01:00,10.0,10.0,0.0,50.0,gradual_ramp
2026-07-19T23:50:20+01:00,10.0,10.0,0.0,50.0,gradual_ramp
2026-07-19T23:50:26+01:00,10.0,10.0,0.0,50.0,gradual_ramp
2026-07-19T23:50:31+01:00,10.0,10.0,0.0,50.0,gradual_ramp
2026-07-19T23:50:37+01:00,10.0,10.0,0.0,50.0,gradual_ramp
2026-07-19T23:50:42+01:00,10.0,10.0,0.0,50.0,gradual_ramp
2026-07-19T23:50:48+01:00,10.0,10.0,0.0,50.0,gradual_ramp
2026-07-19T23:50:53+01:00,10.0,10.0,0.0,50.0,gradual_ramp
2026-07-19T23:50:59+01:00,10.0,10.0,0.0,50.0,gradual_ramp
2026-07-19T23:51:04+01:00,10.0,10.0,0.0,50.0,gradual_ramp
2026-07-19T23:51:09+01:00,10.0,10.0,0.0,50.0,gradual_ramp
2026-07-19T23:51:15+01:00,10.0,10.0,0.0,50.0,gradual_ramp
2026-07-19T23:51:20+01:00,10.0,10.0,0.0,50.0,gradual_ramp
2026-07-19T23:51:26+01:00,10.0,10.0,0.0,50.0,gradual_ramp
2026-07-19T23:51:31+01:00,10.0,10.0,0.0,50.0,gradual_ramp
2026-07-19T23:51:37+01:00,10.0,10.0,0.0,50.0,gradual_ramp
2026-07-19T23:51:44+01:00,10.0,10.0,0.0,50.0,gradual_ramp
2026-07-19T23:51:55+01:00,10.0,10.0,0.0,50.0,gradual_ramp
2026-07-19T23:52:01+01:00,10.0,10.0,0.0,50.0,gradual_ramp
2026-07-19T23:52:07+01:00,10.0,10.0,0.0,50.0,gradual_ramp
2026-07-19T23:52:13+01:00,10.0,10.0,0.0,50.0,gradual_ramp
2026-07-19T23:52:18+01:00,10.0,10.0,0.0,50.0,gradual_ramp
2026-07-19T23:52:24+01:00,10.0,10.0,0.0,50.0,gradual_ramp
2026-07-19T23:52:30+01:00,10.0,10.0,0.0,50.0,gradual_ramp
2026-07-19T23:52:36+01:00,10.0,10.0,0.0,50.0,gradual_ramp
2026-07-19T23:52:41+01:00,10.0,10.0,0.0,50.0,gradual_ramp
2026-07-19T23:52:47+01:00,10.0,10.0,0.0,50.0,gradual_ramp
2026-07-19T23:52:53+01:00,10.0,6.0,0.0,50.0,gradual_ramp
2026-07-19T23:52:58+01:00,10.0,6.0,0.0,50.0,gradual_ramp
2026-07-19T23:53:04+01:00,10.0,6.0,0.0,50.0,gradual_ramp
2026-07-19T23:53:09+01:00,6.0,6.0,0.0,50.0,gradual_ramp
2026-07-19T23:53:15+01:00,6.0,6.0,0.0,50.0,gradual_ramp
2026-07-19T23:53:21+01:00,6.0,6.0,0.0,50.0,gradual_ramp
2026-07-19T23:53:26+01:00,6.0,6.0,0.0,50.0,gradual_ramp
2026-07-19T23:53:32+01:00,6.0,6.0,0.0,50.0,gradual_ramp
2026-07-19T23:53:38+01:00,6.0,1.0,0.0,50.0,gradual_ramp
2026-07-19T23:53:43+01:00,6.0,1.0,0.0,50.0,gradual_ramp
2026-07-19T23:53:49+01:00,6.0,1.0,0.0,50.0,gradual_ramp
2026-07-19T23:53:54+01:00,1.0,1.0,0.0,50.0,gradual_ramp
2026-07-19T23:54:00+01:00,1.0,1.0,0.0,50.0,gradual_ramp
2026-07-19T23:54:06+01:00,1.0,1.0,0.0,50.0,gradual_ramp
2026-07-19T23:54:11+01:00,1.0,1.0,0.0,50.0,gradual_ramp
2026-07-19T23:54:17+01:00,1.0,1.0,0.0,50.0,gradual_ramp
2026-07-19T23:54:23+01:00,1.0,1.0,0.0,50.0,gradual_ramp
2026-07-19T23:54:28+01:00,1.0,1.0,0.0,50.0,gradual_ramp
2026-07-19T23:54:34+01:00,1.0,1.0,0.0,50.0,gradual_ramp
2026-07-19T23:54:40+01:00,1.0,1.0,0.0,50.0,gradual_ramp
2026-07-19T23:54:45+01:00,1.0,1.0,0.0,50.0,gradual_ramp
2026-07-19T23:54:51+01:00,1.0,1.0,0.0,50.0,gradual_ramp
2026-07-19T23:54:57+01:00,1.0,1.0,0.0,50.0,gradual_ramp
2026-07-19T23:55:03+01:00,1.0,1.0,0.0,50.0,gradual_ramp
2026-07-19T23:55:10+01:00,1.0,1.0,0.0,50.0,gradual_ramp
2026-07-19T23:55:15+01:00,1.0,1.0,0.0,50.0,gradual_ramp
2026-07-19T23:55:21+01:00,1.0,1.0,0.0,50.0,gradual_ramp
2026-07-19T23:55:27+01:00,1.0,1.0,0.0,50.0,gradual_ramp
2026-07-19T23:55:33+01:00,1.0,1.0,0.0,50.0,gradual_ramp
2026-07-19T23:55:39+01:00,1.0,1.0,0.0,50.0,gradual_ramp
2026-07-19T23:55:44+01:00,1.0,1.0,0.0,50.0,gradual_ramp
2026-07-19T23:55:50+01:00,1.0,1.0,0.0,50.0,gradual_ramp
2026-07-19T23:55:56+01:00,1.0,1.0,0.0,50.0,gradual_ramp
2026-07-19T23:56:01+01:00,1.0,1.0,0.0,50.0,gradual_ramp
2026-07-19T23:56:07+01:00,1.0,1.0,0.0,50.0,gradual_ramp
2026-07-19T23:56:13+01:00,1.0,1.0,0.0,50.0,gradual_ramp
2026-07-19T23:56:19+01:00,1.0,1.0,0.0,50.0,gradual_ramp
2026-07-19T23:56:24+01:00,1.0,1.0,0.0,50.0,gradual_ramp
2026-07-19T23:56:30+01:00,1.0,1.0,0.0,50.0,gradual_ramp
2026-07-19T23:56:36+01:00,1.0,1.0,0.0,50.0,gradual_ramp
2026-07-19T23:56:41+01:00,1.0,1.0,0.0,50.0,gradual_ramp
2026-07-19T23:56:47+01:00,1.0,1.0,0.0,50.0,gradual_ramp
2026-07-19T23:56:53+01:00,1.0,1.0,0.0,50.0,gradual_ramp
2026-07-19T23:56:58+01:00,1.0,1.0,0.0,50.0,gradual_ramp
2026-07-19T23:57:04+01:00,1.0,1.0,0.0,50.0,gradual_ramp
2026-07-19T23:57:10+01:00,1.0,1.0,0.0,50.0,gradual_ramp
2026-07-19T23:57:15+01:00,1.0,1.0,0.0,50.0,gradual_ramp
2026-07-19T23:57:21+01:00,1.0,1.0,0.0,50.0,gradual_ramp
2026-07-19T23:57:27+01:00,1.0,1.0,0.0,50.0,gradual_ramp
2026-07-19T23:57:32+01:00,1.0,1.0,0.0,50.0,gradual_ramp
2026-07-19T23:57:38+01:00,1.0,1.0,0.0,50.0,gradual_ramp
2026-07-19T23:57:44+01:00,1.0,1.0,0.0,50.0,gradual_ramp
2026-07-19T23:57:49+01:00,1.0,1.0,0.0,50.0,gradual_ramp
2026-07-19T23:57:55+01:00,1.0,1.0,0.0,50.0,gradual_ramp
2026-07-19T23:58:00+01:00,1.0,1.0,0.0,50.0,gradual_ramp
2026-07-19T23:58:06+01:00,1.0,1.0,0.0,50.0,gradual_ramp
2026-07-19T23:58:12+01:00,1.0,1.0,0.0,50.0,gradual_ramp
2026-07-19T23:58:17+01:00,1.0,1.0,0.0,50.0,gradual_ramp
2026-07-19T23:58:23+01:00,1.0,1.0,0.0,50.0,gradual_ramp
2026-07-19T23:58:28+01:00,1.0,1.0,0.0,50.0,gradual_ramp
2026-07-19T23:58:34+01:00,1.0,1.0,0.0,50.0,gradual_ramp
2026-07-19T23:58:40+01:00,1.0,1.0,0.0,50.0,gradual_ramp
2026-07-19T23:58:45+01:00,1.0,1.0,0.0,50.0,gradual_ramp
2026-07-19T23:58:51+01:00,1.0,1.0,0.0,50.0,gradual_ramp
2026-07-19T23:58:56+01:00,1.0,1.0,0.0,50.0,gradual_ramp
2026-07-19T23:59:02+01:00,1.0,1.0,0.0,50.0,gradual_ramp
2026-07-19T23:59:08+01:00,1.0,1.0,0.0,50.0,gradual_ramp
2026-07-19T23:59:15+01:00,1.0,1.0,0.0,50.0,gradual_ramp
2026-07-19T23:59:21+01:00,1.0,1.0,0.0,50.0,gradual_ramp
2026-07-19T23:59:27+01:00,1.0,1.0,0.0,50.0,gradual_ramp
2026-07-19T23:59:33+01:00,1.0,1.0,0.0,50.0,gradual_ramp
2026-07-19T23:59:39+01:00,1.0,1.0,0.0,50.0,gradual_ramp
2026-07-19T23:59:45+01:00,1.0,1.0,0.0,50.0,gradual_ramp
2026-07-19T23:59:52+01:00,1.0,1.0,0.0,50.0,gradual_ramp
2026-07-19T23:59:57+01:00,1.0,1.0,0.0,50.0,gradual_ramp
2026-07-20T00:00:04+01:00,1.0,1.0,0.0,50.0,gradual_ramp
2026-07-20T00:00:10+01:00,1.0,1.0,0.0,50.0,gradual_ramp
2026-07-20T00:00:16+01:00,1.0,1.0,0.0,50.0,gradual_ramp
2026-07-20T00:00:22+01:00,1.0,1.0,0.0,50.0,gradual_ramp
2026-07-20T00:00:28+01:00,1.0,1.0,0.0,50.0,gradual_ramp
2026-07-20T00:00:34+01:00,1.0,1.0,0.0,50.0,gradual_ramp
2026-07-20T00:00:40+01:00,1.0,1.0,0.0,50.0,gradual_ramp
2026-07-20T00:00:46+01:00,1.0,1.0,0.0,50.0,gradual_ramp
2026-07-20T00:00:52+01:00,1.0,1.0,0.0,50.0,gradual_ramp
2026-07-20T00:00:58+01:00,1.0,1.0,0.0,50.0,gradual_ramp
2026-07-20T00:01:04+01:00,1.0,1.0,0.0,50.0,gradual_ramp
2026-07-20T00:01:10+01:00,1.0,1.0,0.0,50.0,gradual_ramp
2026-07-20T00:01:16+01:00,1.0,1.0,0.0,50.0,gradual_ramp
2026-07-20T00:01:23+01:00,1.0,1.0,0.0,50.0,gradual_ramp
2026-07-20T00:01:29+01:00,1.0,1.0,0.0,50.0,gradual_ramp
2026-07-20T00:01:35+01:00,1.0,1.0,0.0,50.0,gradual_ramp
2026-07-20T00:01:40+01:00,1.0,1.0,0.0,50.0,gradual_ramp
2026-07-20T00:01:46+01:00,1.0,1.0,0.0,50.0,gradual_ramp
2026-07-20T00:01:52+01:00,1.0,1.0,0.0,50.0,gradual_ramp
2026-07-20T00:01:58+01:00,1.0,1.0,0.0,50.0,gradual_ramp
2026-07-20T00:02:04+01:00,1.0,1.0,0.0,50.0,gradual_ramp
2026-07-20T00:02:09+01:00,1.0,1.0,0.0,50.0,gradual_ramp
2026-07-20T00:02:15+01:00,1.0,1.0,0.0,50.0,gradual_ramp
2026-07-20T00:02:21+01:00,1.0,1.0,0.0,50.0,gradual_ramp
2026-07-20T00:02:27+01:00,1.0,1.0,0.0,50.0,gradual_ramp
2026-07-20T00:02:33+01:00,1.0,1.0,0.0,50.0,gradual_ramp
2026-07-20T00:02:38+01:00,1.0,1.0,0.0,50.0,gradual_ramp
2026-07-20T00:02:45+01:00,1.0,1.0,0.0,50.0,gradual_ramp
2026-07-20T00:02:50+01:00,1.0,1.0,0.0,50.0,gradual_ramp
2026-07-20T00:02:56+01:00,1.0,1.0,0.0,50.0,gradual_ramp
2026-07-20T00:03:02+01:00,1.0,1.0,0.0,50.0,gradual_ramp
2026-07-20T00:03:08+01:00,1.0,1.0,0.0,50.0,gradual_ramp
2026-07-20T00:03:14+01:00,1.0,1.0,0.0,50.0,gradual_ramp
2026-07-20T00:03:19+01:00,1.0,1.0,0.0,50.0,gradual_ramp
2026-07-20T00:03:25+01:00,1.0,1.0,0.0,50.0,gradual_ramp
2026-07-20T00:03:32+01:00,1.0,1.0,0.0,50.0,gradual_ramp
2026-07-20T00:03:39+01:00,1.0,1.0,0.0,50.0,gradual_ramp
2026-07-20T00:03:45+01:00,1.0,1.0,0.0,50.0,gradual_ramp
2026-07-20T00:03:51+01:00,1.0,1.0,0.0,50.0,gradual_ramp
2026-07-20T00:03:57+01:00,1.0,1.0,0.0,50.0,gradual_ramp
2026-07-20T00:04:02+01:00,1.0,1.0,0.0,50.0,gradual_ramp
2026-07-20T00:04:08+01:00,1.0,1.0,0.0,50.0,gradual_ramp
2026-07-20T00:04:14+01:00,1.0,1.0,0.0,50.0,gradual_ramp
2026-07-20T00:04:20+01:00,1.0,1.0,0.0,50.0,gradual_ramp
2026-07-20T00:04:26+01:00,1.0,1.0,0.0,50.0,gradual_ramp
2026-07-20T00:04:32+01:00,1.0,1.0,0.0,50.0,gradual_ramp
2026-07-20T00:04:37+01:00,1.0,1.0,0.0,50.0,gradual_ramp
2026-07-20T00:04:43+01:00,1.0,1.0,0.0,50.0,gradual_ramp
2026-07-20T00:04:52+01:00,1.0,1.0,0.0,50.0,gradual_ramp
2026-07-20T00:04:57+01:00,1.0,1.0,0.0,50.0,gradual_ramp
2026-07-20T00:05:03+01:00,1.0,1.0,0.0,50.0,gradual_ramp
2026-07-20T00:05:08+01:00,1.0,1.0,0.0,50.0,gradual_ramp
2026-07-20T00:17:29+01:00,1.0,1.0,0.0,50.0,sudden_spike
2026-07-20T00:17:35+01:00,1.0,1.0,0.0,50.0,sudden_spike
2026-07-20T00:17:40+01:00,1.0,1.0,0.0,50.0,sudden_spike
2026-07-20T00:17:46+01:00,1.0,1.0,0.0,50.0,sudden_spike
2026-07-20T00:17:52+01:00,1.0,1.0,0.0,50.0,sudden_spike
2026-07-20T00:17:58+01:00,1.0,1.0,0.0,50.0,sudden_spike
2026-07-20T00:18:03+01:00,1.0,1.0,0.0,50.0,sudden_spike
2026-07-20T00:18:09+01:00,1.0,1.0,0.0,50.0,sudden_spike
2026-07-20T00:18:15+01:00,1.0,1.0,0.0,50.0,sudden_spike
2026-07-20T00:18:21+01:00,1.0,1.0,0.0,50.0,sudden_spike
2026-07-20T00:18:27+01:00,1.0,1.0,0.0,50.0,sudden_spike
2026-07-20T00:18:32+01:00,1.0,1.0,0.0,50.0,sudden_spike
2026-07-20T00:18:38+01:00,1.0,1.0,0.0,50.0,sudden_spike
2026-07-20T00:18:44+01:00,1.0,1.0,0.0,50.0,sudden_spike
2026-07-20T00:18:50+01:00,1.0,1.0,0.0,50.0,sudden_spike
2026-07-20T00:18:56+01:00,1.0,1.0,9.0,50.0,sudden_spike
2026-07-20T00:19:01+01:00,1.0,1.0,9.0,50.0,sudden_spike
2026-07-20T00:19:07+01:00,1.0,1.0,9.0,50.0,sudden_spike
2026-07-20T00:19:14+01:00,1.0,1.0,9.0,50.0,sudden_spike
2026-07-20T00:19:19+01:00,1.0,1.0,9.0,50.0,sudden_spike
2026-07-20T00:19:25+01:00,1.0,1.0,9.0,50.0,sudden_spike
2026-07-20T00:19:31+01:00,1.0,1.0,9.0,50.0,sudden_spike
2026-07-20T00:19:37+01:00,1.0,1.0,9.0,50.0,sudden_spike
2026-07-20T00:19:42+01:00,1.0,1.0,9.0,50.0,sudden_spike
2026-07-20T00:19:48+01:00,1.0,1.0,9.0,50.0,sudden_spike
2026-07-20T00:19:53+01:00,1.0,1.0,9.0,50.0,sudden_spike
2026-07-20T00:19:59+01:00,1.0,3.0,115.0,50.0,sudden_spike
2026-07-20T00:20:04+01:00,1.0,3.0,115.0,50.0,sudden_spike
2026-07-20T00:20:09+01:00,1.0,3.0,115.0,50.0,sudden_spike
2026-07-20T00:20:15+01:00,3.0,3.0,115.0,50.0,sudden_spike
2026-07-20T00:20:20+01:00,3.0,3.0,115.0,50.0,sudden_spike
2026-07-20T00:20:26+01:00,3.0,3.0,133.0,50.0,sudden_spike
2026-07-20T00:20:32+01:00,3.0,3.0,133.0,50.0,sudden_spike
2026-07-20T00:20:37+01:00,3.0,3.0,133.0,50.0,sudden_spike
2026-07-20T00:20:43+01:00,3.0,3.0,115.0,50.0,sudden_spike
2026-07-20T00:20:49+01:00,3.0,3.0,115.0,50.0,sudden_spike
2026-07-20T00:20:55+01:00,3.0,3.0,115.0,50.0,sudden_spike
2026-07-20T00:21:01+01:00,3.0,3.0,111.0,50.0,sudden_spike
2026-07-20T00:21:06+01:00,3.0,3.0,111.0,50.0,sudden_spike
2026-07-20T00:21:12+01:00,3.0,3.0,111.0,50.0,sudden_spike
2026-07-20T00:21:18+01:00,3.0,3.0,111.0,50.0,sudden_spike
2026-07-20T00:21:24+01:00,3.0,3.0,111.0,50.0,sudden_spike
2026-07-20T00:21:29+01:00,3.0,3.0,131.0,50.0,sudden_spike
2026-07-20T00:21:35+01:00,3.0,3.0,131.0,50.0,sudden_spike
2026-07-20T00:21:41+01:00,3.0,3.0,131.0,50.0,sudden_spike
2026-07-20T00:21:47+01:00,3.0,3.0,131.0,50.0,sudden_spike
2026-07-20T00:21:53+01:00,3.0,3.0,131.0,50.0,sudden_spike
2026-07-20T00:21:58+01:00,3.0,6.0,122.0,50.0,sudden_spike
2026-07-20T00:22:04+01:00,3.0,6.0,122.0,50.0,sudden_spike
2026-07-20T00:22:10+01:00,3.0,6.0,122.0,50.0,sudden_spike
2026-07-20T00:22:16+01:00,6.0,8.0,122.0,50.0,sudden_spike
2026-07-20T00:22:21+01:00,6.0,8.0,122.0,50.0,sudden_spike
2026-07-20T00:22:27+01:00,8.0,8.0,122.0,50.0,sudden_spike
2026-07-20T00:22:32+01:00,8.0,8.0,122.0,50.0,sudden_spike
2026-07-20T00:22:37+01:00,8.0,8.0,122.0,50.0,sudden_spike
2026-07-20T00:22:43+01:00,8.0,8.0,122.0,50.0,sudden_spike
2026-07-20T00:22:48+01:00,8.0,8.0,122.0,50.0,sudden_spike
2026-07-20T00:22:54+01:00,8.0,8.0,122.0,50.0,sudden_spike
2026-07-20T00:22:59+01:00,8.0,8.0,77.0,50.0,sudden_spike
2026-07-20T00:23:05+01:00,8.0,8.0,77.0,50.0,sudden_spike
2026-07-20T00:23:10+01:00,8.0,8.0,77.0,50.0,sudden_spike
2026-07-20T00:23:16+01:00,8.0,8.0,77.0,50.0,sudden_spike
2026-07-20T00:23:21+01:00,8.0,8.0,77.0,50.0,sudden_spike
2026-07-20T00:23:27+01:00,8.0,8.0,77.0,50.0,sudden_spike
2026-07-20T00:23:32+01:00,8.0,8.0,77.0,50.0,sudden_spike
2026-07-20T00:23:38+01:00,8.0,8.0,77.0,50.0,sudden_spike
2026-07-20T00:23:43+01:00,8.0,8.0,77.0,50.0,sudden_spike
2026-07-20T00:23:49+01:00,8.0,8.0,77.0,50.0,sudden_spike
2026-07-20T00:23:54+01:00,8.0,8.0,77.0,50.0,sudden_spike
2026-07-20T00:23:59+01:00,8.0,10.0,227.0,50.0,sudden_spike
2026-07-20T00:24:05+01:00,8.0,10.0,227.0,50.0,sudden_spike
2026-07-20T00:24:11+01:00,10.0,10.0,227.0,50.0,sudden_spike
2026-07-20T00:24:17+01:00,10.0,10.0,227.0,50.0,sudden_spike
2026-07-20T00:24:23+01:00,10.0,10.0,227.0,50.0,sudden_spike
2026-07-20T00:24:29+01:00,10.0,10.0,227.0,50.0,sudden_spike
2026-07-20T00:24:34+01:00,10.0,10.0,227.0,50.0,sudden_spike
2026-07-20T00:24:40+01:00,10.0,10.0,227.0,50.0,sudden_spike
2026-07-20T00:24:46+01:00,10.0,10.0,227.0,50.0,sudden_spike
2026-07-20T00:24:52+01:00,10.0,10.0,227.0,50.0,sudden_spike
2026-07-20T00:24:58+01:00,10.0,10.0,227.0,50.0,sudden_spike
2026-07-20T00:25:04+01:00,10.0,10.0,227.0,50.0,sudden_spike
2026-07-20T00:25:09+01:00,10.0,10.0,227.0,50.0,sudden_spike
2026-07-20T00:25:15+01:00,10.0,10.0,227.0,50.0,sudden_spike
2026-07-20T00:25:21+01:00,10.0,10.0,227.0,50.0,sudden_spike
2026-07-20T00:25:27+01:00,10.0,10.0,227.0,50.0,sudden_spike
2026-07-20T00:25:33+01:00,10.0,10.0,227.0,50.0,sudden_spike
2026-07-20T00:25:39+01:00,10.0,10.0,227.0,50.0,sudden_spike
2026-07-20T00:25:44+01:00,10.0,10.0,227.0,50.0,sudden_spike
2026-07-20T00:25:50+01:00,10.0,10.0,227.0,50.0,sudden_spike
2026-07-20T00:25:56+01:00,10.0,10.0,182.0,50.0,sudden_spike
2026-07-20T00:26:02+01:00,10.0,10.0,182.0,50.0,sudden_spike
2026-07-20T00:26:08+01:00,10.0,10.0,182.0,50.0,sudden_spike
2026-07-20T00:26:14+01:00,10.0,10.0,182.0,50.0,sudden_spike
2026-07-20T00:26:20+01:00,10.0,10.0,182.0,50.0,sudden_spike
2026-07-20T00:26:25+01:00,10.0,10.0,182.0,50.0,sudden_spike
2026-07-20T00:26:31+01:00,10.0,10.0,182.0,50.0,sudden_spike
2026-07-20T00:26:37+01:00,10.0,10.0,182.0,50.0,sudden_spike
2026-07-20T00:26:43+01:00,10.0,10.0,182.0,50.0,sudden_spike
2026-07-20T00:26:49+01:00,10.0,10.0,182.0,50.0,sudden_spike
2026-07-20T00:26:54+01:00,10.0,10.0,182.0,50.0,sudden_spike
2026-07-20T00:27:00+01:00,10.0,10.0,183.0,50.0,sudden_spike
2026-07-20T00:27:06+01:00,10.0,10.0,183.0,50.0,sudden_spike
2026-07-20T00:27:12+01:00,10.0,10.0,183.0,50.0,sudden_spike
2026-07-20T00:27:18+01:00,10.0,10.0,183.0,50.0,sudden_spike
2026-07-20T00:27:23+01:00,10.0,10.0,183.0,50.0,sudden_spike
2026-07-20T00:27:29+01:00,10.0,10.0,183.0,50.0,sudden_spike
2026-07-20T00:27:35+01:00,10.0,10.0,183.0,50.0,sudden_spike
2026-07-20T00:27:41+01:00,10.0,10.0,183.0,50.0,sudden_spike
2026-07-20T00:27:47+01:00,10.0,10.0,183.0,50.0,sudden_spike
2026-07-20T00:27:53+01:00,10.0,10.0,183.0,50.0,sudden_spike
2026-07-20T00:27:58+01:00,10.0,10.0,182.0,50.0,sudden_spike
2026-07-20T00:28:04+01:00,10.0,10.0,182.0,50.0,sudden_spike
2026-07-20T00:28:10+01:00,10.0,10.0,182.0,50.0,sudden_spike
2026-07-20T00:28:16+01:00,10.0,10.0,182.0,50.0,sudden_spike
2026-07-20T00:28:22+01:00,10.0,10.0,182.0,50.0,sudden_spike
2026-07-20T00:28:27+01:00,10.0,10.0,182.0,50.0,sudden_spike
2026-07-20T00:28:33+01:00,10.0,10.0,182.0,50.0,sudden_spike
2026-07-20T00:28:39+01:00,10.0,10.0,182.0,50.0,sudden_spike
2026-07-20T00:28:45+01:00,10.0,10.0,182.0,50.0,sudden_spike
2026-07-20T00:28:50+01:00,10.0,10.0,182.0,50.0,sudden_spike
2026-07-20T00:28:56+01:00,10.0,10.0,182.0,50.0,sudden_spike
2026-07-20T00:29:02+01:00,10.0,10.0,182.0,50.0,sudden_spike
2026-07-20T00:29:08+01:00,10.0,10.0,182.0,50.0,sudden_spike
2026-07-20T00:29:14+01:00,10.0,10.0,182.0,50.0,sudden_spike
2026-07-20T00:29:20+01:00,10.0,10.0,182.0,50.0,sudden_spike
2026-07-20T00:29:26+01:00,10.0,10.0,182.0,50.0,sudden_spike
2026-07-20T00:29:32+01:00,10.0,10.0,182.0,50.0,sudden_spike
2026-07-20T00:29:38+01:00,10.0,10.0,182.0,50.0,sudden_spike
2026-07-20T00:29:44+01:00,10.0,10.0,182.0,50.0,sudden_spike
2026-07-20T00:29:50+01:00,10.0,10.0,182.0,50.0,sudden_spike
2026-07-20T00:29:55+01:00,10.0,10.0,182.0,50.0,sudden_spike
2026-07-20T00:30:01+01:00,10.0,10.0,173.0,50.0,sudden_spike
2026-07-20T00:30:07+01:00,10.0,10.0,173.0,50.0,sudden_spike
2026-07-20T00:30:13+01:00,10.0,10.0,172.0,50.0,sudden_spike
2026-07-20T00:30:19+01:00,10.0,10.0,172.0,50.0,sudden_spike
2026-07-20T00:30:25+01:00,10.0,10.0,172.0,50.0,sudden_spike
2026-07-20T00:30:31+01:00,10.0,10.0,173.0,50.0,sudden_spike
2026-07-20T00:30:36+01:00,10.0,10.0,173.0,50.0,sudden_spike
2026-07-20T00:30:42+01:00,10.0,10.0,173.0,50.0,sudden_spike
2026-07-20T00:30:48+01:00,10.0,10.0,173.0,50.0,sudden_spike
2026-07-20T00:30:54+01:00,10.0,10.0,173.0,50.0,sudden_spike
2026-07-20T00:31:00+01:00,10.0,10.0,121.0,50.0,sudden_spike
2026-07-20T00:31:06+01:00,10.0,10.0,121.0,50.0,sudden_spike
2026-07-20T00:31:12+01:00,10.0,10.0,121.0,50.0,sudden_spike
2026-07-20T00:31:17+01:00,10.0,10.0,121.0,50.0,sudden_spike
2026-07-20T00:31:23+01:00,10.0,10.0,121.0,50.0,sudden_spike
2026-07-20T00:31:29+01:00,10.0,10.0,121.0,50.0,sudden_spike
2026-07-20T00:31:35+01:00,10.0,10.0,121.0,50.0,sudden_spike
2026-07-20T00:31:41+01:00,10.0,10.0,121.0,50.0,sudden_spike
2026-07-20T00:31:47+01:00,10.0,10.0,122.0,50.0,sudden_spike
2026-07-20T00:31:52+01:00,10.0,10.0,122.0,50.0,sudden_spike
2026-07-20T00:31:58+01:00,10.0,10.0,113.0,50.0,sudden_spike
2026-07-20T00:32:03+01:00,10.0,10.0,113.0,50.0,sudden_spike
2026-07-20T00:32:09+01:00,10.0,10.0,113.0,50.0,sudden_spike
2026-07-20T00:32:14+01:00,10.0,10.0,113.0,50.0,sudden_spike
2026-07-20T00:32:20+01:00,10.0,10.0,113.0,50.0,sudden_spike
2026-07-20T00:32:25+01:00,10.0,10.0,113.0,50.0,sudden_spike
2026-07-20T00:32:31+01:00,10.0,10.0,113.0,50.0,sudden_spike
2026-07-20T00:32:36+01:00,10.0,10.0,113.0,50.0,sudden_spike
2026-07-20T00:32:42+01:00,10.0,10.0,113.0,50.0,sudden_spike
2026-07-20T00:32:48+01:00,10.0,10.0,113.0,50.0,sudden_spike
2026-07-20T00:32:53+01:00,10.0,10.0,113.0,50.0,sudden_spike
2026-07-20T00:32:59+01:00,10.0,10.0,119.0,50.0,sudden_spike
2026-07-20T00:33:05+01:00,10.0,10.0,119.0,50.0,sudden_spike
2026-07-20T00:33:11+01:00,10.0,10.0,119.0,50.0,sudden_spike
2026-07-20T00:33:17+01:00,10.0,10.0,119.0,50.0,sudden_spike
2026-07-20T00:33:23+01:00,10.0,10.0,119.0,50.0,sudden_spike
2026-07-20T00:33:28+01:00,10.0,10.0,119.0,50.0,sudden_spike
2026-07-20T00:33:34+01:00,10.0,10.0,119.0,50.0,sudden_spike
2026-07-20T00:33:40+01:00,10.0,10.0,119.0,50.0,sudden_spike
2026-07-20T00:33:46+01:00,10.0,10.0,119.0,50.0,sudden_spike
2026-07-20T00:33:52+01:00,10.0,10.0,119.0,50.0,sudden_spike
2026-07-20T00:33:57+01:00,10.0,10.0,119.0,50.0,sudden_spike
2026-07-20T00:34:03+01:00,10.0,10.0,152.0,50.0,sudden_spike
2026-07-20T00:34:09+01:00,10.0,10.0,152.0,50.0,sudden_spike
2026-07-20T00:34:15+01:00,10.0,10.0,152.0,50.0,sudden_spike
2026-07-20T00:34:20+01:00,10.0,10.0,152.0,50.0,sudden_spike
2026-07-20T00:34:27+01:00,10.0,10.0,152.0,50.0,sudden_spike
2026-07-20T00:34:32+01:00,10.0,10.0,152.0,50.0,sudden_spike
2026-07-20T00:34:38+01:00,10.0,10.0,152.0,50.0,sudden_spike
2026-07-20T00:34:44+01:00,10.0,10.0,152.0,50.0,sudden_spike
2026-07-20T00:34:50+01:00,10.0,10.0,152.0,50.0,sudden_spike
2026-07-20T00:34:56+01:00,10.0,10.0,152.0,50.0,sudden_spike
2026-07-20T00:35:02+01:00,10.0,10.0,183.0,50.0,sudden_spike
2026-07-20T00:35:07+01:00,10.0,10.0,183.0,50.0,sudden_spike
2026-07-20T00:35:13+01:00,10.0,10.0,183.0,50.0,sudden_spike
2026-07-20T00:35:19+01:00,10.0,10.0,183.0,50.0,sudden_spike
2026-07-20T00:35:25+01:00,10.0,10.0,183.0,50.0,sudden_spike
2026-07-20T00:35:31+01:00,10.0,10.0,183.0,50.0,sudden_spike
2026-07-20T00:35:37+01:00,10.0,10.0,183.0,50.0,sudden_spike
2026-07-20T00:35:42+01:00,10.0,10.0,183.0,50.0,sudden_spike
2026-07-20T00:35:48+01:00,10.0,10.0,183.0,50.0,sudden_spike
2026-07-20T00:35:54+01:00,10.0,10.0,183.0,50.0,sudden_spike
2026-07-20T00:36:00+01:00,10.0,10.0,181.0,50.0,sudden_spike
2026-07-20T00:36:06+01:00,10.0,10.0,181.0,50.0,sudden_spike
2026-07-20T00:36:12+01:00,10.0,10.0,181.0,50.0,sudden_spike
2026-07-20T00:36:18+01:00,10.0,10.0,181.0,50.0,sudden_spike
2026-07-20T00:36:24+01:00,10.0,10.0,181.0,50.0,sudden_spike
2026-07-20T00:36:29+01:00,10.0,10.0,181.0,50.0,sudden_spike
2026-07-20T00:36:35+01:00,10.0,10.0,181.0,50.0,sudden_spike
2026-07-20T00:36:41+01:00,10.0,10.0,181.0,50.0,sudden_spike
2026-07-20T00:36:47+01:00,10.0,10.0,181.0,50.0,sudden_spike
2026-07-20T00:36:53+01:00,10.0,10.0,181.0,50.0,sudden_spike
2026-07-20T00:36:59+01:00,10.0,10.0,181.0,50.0,sudden_spike
2026-07-20T00:37:04+01:00,10.0,10.0,183.0,50.0,sudden_spike
2026-07-20T00:37:10+01:00,10.0,10.0,183.0,50.0,sudden_spike
2026-07-20T00:37:16+01:00,10.0,10.0,183.0,50.0,sudden_spike
2026-07-20T00:37:22+01:00,10.0,10.0,183.0,50.0,sudden_spike
2026-07-20T00:37:28+01:00,10.0,10.0,183.0,50.0,sudden_spike
2026-07-20T00:37:34+01:00,10.0,10.0,183.0,50.0,sudden_spike
2026-07-20T00:37:41+01:00,10.0,10.0,183.0,50.0,sudden_spike
2026-07-20T00:37:47+01:00,10.0,10.0,183.0,50.0,sudden_spike
2026-07-20T00:37:53+01:00,10.0,10.0,183.0,50.0,sudden_spike
2026-07-20T00:37:59+01:00,10.0,10.0,183.0,50.0,sudden_spike
2026-07-20T00:38:05+01:00,10.0,10.0,184.0,50.0,sudden_spike
2026-07-20T00:38:10+01:00,10.0,10.0,184.0,50.0,sudden_spike
2026-07-20T00:38:16+01:00,10.0,10.0,184.0,50.0,sudden_spike
2026-07-20T00:38:22+01:00,10.0,10.0,184.0,50.0,sudden_spike
2026-07-20T00:38:28+01:00,10.0,10.0,184.0,50.0,sudden_spike
2026-07-20T00:38:34+01:00,10.0,10.0,184.0,50.0,sudden_spike
2026-07-20T00:38:40+01:00,10.0,10.0,184.0,50.0,sudden_spike
2026-07-20T00:38:45+01:00,10.0,10.0,184.0,50.0,sudden_spike
2026-07-20T00:38:51+01:00,10.0,10.0,184.0,50.0,sudden_spike
2026-07-20T00:38:57+01:00,10.0,10.0,184.0,50.0,sudden_spike
2026-07-20T00:39:03+01:00,10.0,10.0,123.0,50.0,sudden_spike
2026-07-20T00:39:08+01:00,10.0,10.0,123.0,50.0,sudden_spike
2026-07-20T00:39:15+01:00,10.0,10.0,123.0,50.0,sudden_spike
2026-07-20T00:39:21+01:00,10.0,10.0,123.0,50.0,sudden_spike
2026-07-20T00:39:27+01:00,10.0,10.0,123.0,50.0,sudden_spike
2026-07-20T00:39:32+01:00,10.0,10.0,128.0,50.0,sudden_spike
2026-07-20T00:39:38+01:00,10.0,10.0,128.0,50.0,sudden_spike
2026-07-20T00:39:44+01:00,10.0,10.0,128.0,50.0,sudden_spike
2026-07-20T00:39:50+01:00,10.0,10.0,128.0,50.0,sudden_spike
2026-07-20T00:39:55+01:00,10.0,10.0,128.0,50.0,sudden_spike
2026-07-20T00:40:01+01:00,10.0,10.0,0.0,50.0,sudden_spike
2026-07-20T00:40:07+01:00,10.0,10.0,0.0,50.0,sudden_spike
2026-07-20T00:40:13+01:00,10.0,10.0,0.0,50.0,sudden_spike
2026-07-20T00:40:19+01:00,10.0,10.0,0.0,50.0,sudden_spike
2026-07-20T00:40:24+01:00,10.0,10.0,0.0,50.0,sudden_spike
2026-07-20T00:40:30+01:00,10.0,10.0,0.0,50.0,sudden_spike
2026-07-20T00:40:36+01:00,10.0,10.0,0.0,50.0,sudden_spike
2026-07-20T00:40:41+01:00,10.0,10.0,0.0,50.0,sudden_spike
2026-07-20T00:40:47+01:00,10.0,10.0,0.0,50.0,sudden_spike
2026-07-20T00:40:53+01:00,10.0,10.0,0.0,50.0,sudden_spike
2026-07-20T00:40:59+01:00,10.0,10.0,0.0,50.0,sudden_spike
2026-07-20T00:41:05+01:00,10.0,10.0,0.0,50.0,sudden_spike
2026-07-20T00:41:11+01:00,10.0,10.0,0.0,50.0,sudden_spike
2026-07-20T00:41:17+01:00,10.0,10.0,0.0,50.0,sudden_spike
2026-07-20T00:41:23+01:00,10.0,10.0,0.0,50.0,sudden_spike
2026-07-20T00:41:28+01:00,10.0,10.0,0.0,50.0,sudden_spike
2026-07-20T00:41:34+01:00,10.0,10.0,0.0,50.0,sudden_spike
2026-07-20T00:41:40+01:00,10.0,10.0,0.0,50.0,sudden_spike
2026-07-20T00:41:46+01:00,10.0,10.0,0.0,50.0,sudden_spike
2026-07-20T00:41:52+01:00,10.0,10.0,0.0,50.0,sudden_spike
2026-07-20T00:41:58+01:00,10.0,10.0,0.0,50.0,sudden_spike
2026-07-20T00:42:04+01:00,10.0,10.0,0.0,50.0,sudden_spike
2026-07-20T00:42:10+01:00,10.0,10.0,0.0,50.0,sudden_spike
2026-07-20T00:42:16+01:00,10.0,10.0,0.0,50.0,sudden_spike
2026-07-20T00:42:22+01:00,10.0,10.0,0.0,50.0,sudden_spike
2026-07-20T00:42:28+01:00,10.0,10.0,0.0,50.0,sudden_spike
2026-07-20T00:42:33+01:00,10.0,10.0,0.0,50.0,sudden_spike
2026-07-20T00:42:39+01:00,10.0,10.0,0.0,50.0,sudden_spike
2026-07-20T00:42:44+01:00,10.0,10.0,0.0,50.0,sudden_spike
2026-07-20T00:42:50+01:00,10.0,10.0,0.0,50.0,sudden_spike
2026-07-20T00:42:55+01:00,10.0,10.0,0.0,50.0,sudden_spike
2026-07-20T00:43:01+01:00,10.0,10.0,0.0,50.0,sudden_spike
2026-07-20T00:43:06+01:00,10.0,10.0,0.0,50.0,sudden_spike
2026-07-20T00:43:14+01:00,10.0,10.0,0.0,50.0,sudden_spike
2026-07-20T00:43:19+01:00,10.0,10.0,0.0,50.0,sudden_spike
2026-07-20T00:43:25+01:00,10.0,10.0,0.0,50.0,sudden_spike
2026-07-20T00:43:31+01:00,10.0,10.0,0.0,50.0,sudden_spike
2026-07-20T00:43:37+01:00,10.0,10.0,0.0,50.0,sudden_spike
2026-07-20T00:43:43+01:00,10.0,10.0,0.0,50.0,sudden_spike
2026-07-20T00:43:49+01:00,10.0,10.0,0.0,50.0,sudden_spike
2026-07-20T00:43:55+01:00,10.0,10.0,0.0,50.0,sudden_spike
2026-07-20T00:44:01+01:00,10.0,10.0,0.0,50.0,sudden_spike
2026-07-20T00:44:07+01:00,10.0,10.0,0.0,50.0,sudden_spike
2026-07-20T00:44:13+01:00,10.0,10.0,0.0,50.0,sudden_spike
2026-07-20T00:44:18+01:00,10.0,10.0,0.0,50.0,sudden_spike
2026-07-20T00:44:24+01:00,10.0,10.0,0.0,50.0,sudden_spike
2026-07-20T00:44:30+01:00,10.0,10.0,0.0,50.0,sudden_spike
2026-07-20T00:44:36+01:00,10.0,10.0,0.0,50.0,sudden_spike
2026-07-20T00:44:42+01:00,10.0,10.0,0.0,50.0,sudden_spike
2026-07-20T00:44:47+01:00,10.0,1.0,0.0,50.0,sudden_spike
2026-07-20T00:44:53+01:00,10.0,1.0,0.0,50.0,sudden_spike
2026-07-20T00:44:59+01:00,10.0,1.0,0.0,50.0,sudden_spike
2026-07-20T00:45:05+01:00,1.0,1.0,0.0,50.0,sudden_spike
2026-07-20T00:45:11+01:00,1.0,1.0,0.0,50.0,sudden_spike
2026-07-20T00:45:16+01:00,1.0,1.0,0.0,50.0,sudden_spike
2026-07-20T00:45:22+01:00,1.0,1.0,0.0,50.0,sudden_spike
2026-07-20T00:45:28+01:00,1.0,1.0,0.0,50.0,sudden_spike
2026-07-20T00:45:34+01:00,1.0,1.0,0.0,50.0,sudden_spike
2026-07-20T00:45:40+01:00,1.0,1.0,0.0,50.0,sudden_spike
2026-07-20T00:45:46+01:00,1.0,1.0,0.0,50.0,sudden_spike
2026-07-20T00:45:52+01:00,1.0,1.0,0.0,50.0,sudden_spike
2026-07-20T00:45:58+01:00,1.0,1.0,0.0,50.0,sudden_spike
2026-07-20T00:46:04+01:00,1.0,1.0,0.0,50.0,sudden_spike
2026-07-20T00:46:09+01:00,1.0,1.0,0.0,50.0,sudden_spike
2026-07-20T00:46:15+01:00,1.0,1.0,0.0,50.0,sudden_spike
2026-07-20T00:46:21+01:00,1.0,1.0,0.0,50.0,sudden_spike
2026-07-20T00:46:27+01:00,1.0,1.0,0.0,50.0,sudden_spike
2026-07-20T00:46:33+01:00,1.0,1.0,0.0,50.0,sudden_spike
2026-07-20T00:46:39+01:00,1.0,1.0,0.0,50.0,sudden_spike
2026-07-20T00:46:45+01:00,1.0,1.0,0.0,50.0,sudden_spike
2026-07-20T00:46:50+01:00,1.0,1.0,0.0,50.0,sudden_spike
2026-07-20T00:46:56+01:00,1.0,1.0,0.0,50.0,sudden_spike
2026-07-20T00:47:02+01:00,1.0,1.0,0.0,50.0,sudden_spike
2026-07-20T00:47:08+01:00,1.0,1.0,0.0,50.0,sudden_spike
2026-07-20T00:47:14+01:00,1.0,1.0,0.0,50.0,sudden_spike
2026-07-20T00:47:20+01:00,1.0,1.0,0.0,50.0,sudden_spike
2026-07-20T00:47:26+01:00,1.0,1.0,0.0,50.0,sudden_spike
2026-07-20T00:47:31+01:00,1.0,1.0,0.0,50.0,sudden_spike
2026-07-20T00:47:37+01:00,1.0,1.0,0.0,50.0,sudden_spike
2026-07-20T00:47:43+01:00,1.0,1.0,0.0,50.0,sudden_spike
2026-07-20T00:47:49+01:00,1.0,1.0,0.0,50.0,sudden_spike
2026-07-20T00:47:55+01:00,1.0,1.0,0.0,50.0,sudden_spike
2026-07-20T00:48:01+01:00,1.0,1.0,1.0,50.0,sudden_spike
2026-07-20T00:48:07+01:00,1.0,1.0,1.0,50.0,sudden_spike
2026-07-20T00:48:12+01:00,1.0,1.0,1.0,50.0,sudden_spike
2026-07-20T00:48:18+01:00,1.0,1.0,1.0,50.0,sudden_spike
2026-07-20T00:48:24+01:00,1.0,1.0,1.0,50.0,sudden_spike
2026-07-20T00:48:29+01:00,1.0,1.0,1.0,50.0,sudden_spike
2026-07-20T00:59:27+01:00,1.0,1.0,0.0,50.0,oscillating_load
2026-07-20T00:59:43+01:00,1.0,1.0,0.0,50.0,oscillating_load
2026-07-20T00:59:59+01:00,1.0,1.0,0.0,50.0,oscillating_load
2026-07-20T01:00:15+01:00,1.0,1.0,5.0,50.0,oscillating_load
2026-07-20T01:00:30+01:00,1.0,1.0,5.0,50.0,oscillating_load
2026-07-20T01:00:46+01:00,1.0,1.0,5.0,50.0,oscillating_load
2026-07-20T01:01:10+01:00,1.0,4.0,210.0,50.0,oscillating_load
2026-07-20T01:01:26+01:00,4.0,5.0,210.0,50.0,oscillating_load
2026-07-20T01:01:42+01:00,5.0,5.0,210.0,50.0,oscillating_load
2026-07-20T01:01:58+01:00,5.0,5.0,210.0,50.0,oscillating_load
2026-07-20T01:02:14+01:00,5.0,5.0,250.0,50.0,oscillating_load
2026-07-20T01:02:30+01:00,5.0,5.0,250.0,50.0,oscillating_load
2026-07-20T01:02:46+01:00,5.0,5.0,250.0,50.0,oscillating_load
2026-07-20T01:03:02+01:00,5.0,5.0,250.0,50.0,oscillating_load
2026-07-20T01:03:17+01:00,5.0,10.0,175.0,50.0,oscillating_load
2026-07-20T01:03:33+01:00,10.0,10.0,175.0,50.0,oscillating_load
2026-07-20T01:03:49+01:00,10.0,10.0,175.0,50.0,oscillating_load
2026-07-20T01:04:05+01:00,10.0,10.0,191.0,50.0,oscillating_load
2026-07-20T01:04:21+01:00,10.0,10.0,191.0,50.0,oscillating_load
2026-07-20T01:04:37+01:00,10.0,10.0,191.0,50.0,oscillating_load
2026-07-20T01:04:52+01:00,10.0,10.0,191.0,50.0,oscillating_load
2026-07-20T01:05:08+01:00,10.0,10.0,179.0,50.0,oscillating_load
2026-07-20T01:05:24+01:00,10.0,10.0,179.0,50.0,oscillating_load
2026-07-20T01:05:40+01:00,10.0,10.0,179.0,50.0,oscillating_load
2026-07-20T01:05:56+01:00,10.0,10.0,179.0,50.0,oscillating_load
2026-07-20T01:06:12+01:00,10.0,10.0,181.0,50.0,oscillating_load
2026-07-20T01:06:27+01:00,10.0,10.0,181.0,50.0,oscillating_load
2026-07-20T01:06:44+01:00,10.0,10.0,182.0,50.0,oscillating_load
2026-07-20T01:07:00+01:00,10.0,10.0,182.0,50.0,oscillating_load
2026-07-20T01:07:15+01:00,10.0,10.0,183.0,50.0,oscillating_load
2026-07-20T01:07:31+01:00,10.0,10.0,183.0,50.0,oscillating_load
2026-07-20T01:07:47+01:00,10.0,10.0,183.0,50.0,oscillating_load
2026-07-20T01:08:03+01:00,10.0,10.0,183.0,50.0,oscillating_load
2026-07-20T01:08:19+01:00,10.0,10.0,183.0,50.0,oscillating_load
2026-07-20T01:08:35+01:00,10.0,10.0,183.0,50.0,oscillating_load
2026-07-20T01:08:51+01:00,10.0,10.0,183.0,50.0,oscillating_load
2026-07-20T01:09:07+01:00,10.0,10.0,184.0,50.0,oscillating_load
2026-07-20T01:09:26+01:00,10.0,10.0,184.0,50.0,oscillating_load
2026-07-20T01:09:42+01:00,10.0,10.0,184.0,50.0,oscillating_load
2026-07-20T01:09:58+01:00,10.0,10.0,184.0,50.0,oscillating_load
2026-07-20T01:10:14+01:00,10.0,10.0,184.0,50.0,oscillating_load
2026-07-20T01:10:30+01:00,10.0,10.0,184.0,50.0,oscillating_load
2026-07-20T01:10:45+01:00,10.0,10.0,184.0,50.0,oscillating_load
2026-07-20T01:11:01+01:00,10.0,10.0,184.0,50.0,oscillating_load
2026-07-20T01:11:17+01:00,10.0,10.0,182.0,50.0,oscillating_load
2026-07-20T01:11:33+01:00,10.0,10.0,182.0,50.0,oscillating_load
2026-07-20T01:11:49+01:00,10.0,10.0,182.0,50.0,oscillating_load
2026-07-20T01:12:04+01:00,10.0,10.0,184.0,50.0,oscillating_load
2026-07-20T01:12:20+01:00,10.0,10.0,183.0,50.0,oscillating_load
2026-07-20T01:12:36+01:00,10.0,10.0,184.0,50.0,oscillating_load
2026-07-20T01:12:52+01:00,10.0,10.0,177.0,50.0,oscillating_load
2026-07-20T01:13:08+01:00,10.0,10.0,177.0,50.0,oscillating_load
2026-07-20T01:13:24+01:00,10.0,10.0,177.0,50.0,oscillating_load
2026-07-20T01:13:40+01:00,10.0,10.0,177.0,50.0,oscillating_load
2026-07-20T01:13:55+01:00,10.0,10.0,151.0,50.0,oscillating_load
2026-07-20T01:14:11+01:00,10.0,10.0,151.0,50.0,oscillating_load
2026-07-20T01:14:27+01:00,10.0,10.0,151.0,50.0,oscillating_load
2026-07-20T01:14:43+01:00,10.0,10.0,151.0,50.0,oscillating_load
2026-07-20T01:14:59+01:00,10.0,10.0,178.0,50.0,oscillating_load
2026-07-20T01:15:15+01:00,10.0,10.0,178.0,50.0,oscillating_load
2026-07-20T01:15:31+01:00,10.0,10.0,178.0,50.0,oscillating_load
2026-07-20T01:15:47+01:00,10.0,10.0,178.0,50.0,oscillating_load
2026-07-20T01:16:03+01:00,10.0,10.0,183.0,50.0,oscillating_load
2026-07-20T01:16:18+01:00,10.0,10.0,183.0,50.0,oscillating_load
2026-07-20T01:16:34+01:00,10.0,10.0,183.0,50.0,oscillating_load
2026-07-20T01:16:50+01:00,10.0,10.0,183.0,50.0,oscillating_load
2026-07-20T01:17:06+01:00,10.0,10.0,184.0,50.0,oscillating_load
2026-07-20T01:17:22+01:00,10.0,10.0,184.0,50.0,oscillating_load
2026-07-20T01:17:37+01:00,10.0,10.0,184.0,50.0,oscillating_load
2026-07-20T01:17:53+01:00,10.0,10.0,182.0,50.0,oscillating_load
2026-07-20T01:18:09+01:00,10.0,10.0,182.0,50.0,oscillating_load
2026-07-20T01:18:25+01:00,10.0,10.0,182.0,50.0,oscillating_load
2026-07-20T01:18:41+01:00,10.0,10.0,182.0,50.0,oscillating_load
2026-07-20T01:18:57+01:00,10.0,10.0,183.0,50.0,oscillating_load
2026-07-20T01:19:12+01:00,10.0,10.0,183.0,50.0,oscillating_load
2026-07-20T01:19:28+01:00,10.0,10.0,183.0,50.0,oscillating_load
2026-07-20T01:19:44+01:00,10.0,10.0,183.0,50.0,oscillating_load
2026-07-20T01:20:00+01:00,10.0,10.0,128.0,50.0,oscillating_load
2026-07-20T01:20:16+01:00,10.0,10.0,128.0,50.0,oscillating_load
2026-07-20T01:20:32+01:00,10.0,10.0,128.0,50.0,oscillating_load
2026-07-20T01:20:47+01:00,10.0,10.0,128.0,50.0,oscillating_load
2026-07-20T01:21:03+01:00,10.0,10.0,0.0,50.0,oscillating_load
2026-07-20T01:21:19+01:00,10.0,10.0,0.0,50.0,oscillating_load
2026-07-20T01:21:35+01:00,10.0,10.0,0.0,50.0,oscillating_load
2026-07-20T01:21:51+01:00,10.0,10.0,0.0,50.0,oscillating_load
2026-07-20T01:22:07+01:00,10.0,10.0,0.0,50.0,oscillating_load
2026-07-20T01:22:23+01:00,10.0,10.0,0.0,50.0,oscillating_load
2026-07-20T01:22:39+01:00,10.0,10.0,0.0,50.0,oscillating_load
2026-07-20T01:22:55+01:00,10.0,10.0,0.0,50.0,oscillating_load
2026-07-20T01:23:11+01:00,10.0,10.0,0.0,50.0,oscillating_load
2026-07-20T01:23:26+01:00,10.0,10.0,0.0,50.0,oscillating_load
2026-07-20T01:23:42+01:00,10.0,10.0,0.0,50.0,oscillating_load
2026-07-20T01:23:58+01:00,10.0,10.0,0.0,50.0,oscillating_load
2026-07-20T01:24:14+01:00,10.0,10.0,0.0,50.0,oscillating_load
2026-07-20T01:24:30+01:00,10.0,10.0,0.0,50.0,oscillating_load
2026-07-20T01:24:45+01:00,10.0,10.0,0.0,50.0,oscillating_load
2026-07-20T01:25:02+01:00,10.0,10.0,0.0,50.0,oscillating_load
2026-07-20T01:25:58+01:00,1.0,1.0,0.0,50.0,oscillating_load
2026-07-20T01:26:14+01:00,1.0,1.0,0.0,50.0,oscillating_load
2026-07-21T00:15:35+01:00,1.0,1.0,0.0,50.0,long_mixed_workload
2026-07-21T00:15:50+01:00,1.0,1.0,0.0,50.0,long_mixed_workload
2026-07-21T00:16:06+01:00,1.0,1.0,0.0,50.0,long_mixed_workload
2026-07-21T00:16:23+01:00,1.0,1.0,0.0,50.0,long_mixed_workload
2026-07-21T00:16:39+01:00,1.0,1.0,1.0,50.0,long_mixed_workload
2026-07-21T00:16:55+01:00,1.0,1.0,1.0,50.0,long_mixed_workload
2026-07-21T00:17:11+01:00,1.0,1.0,1.0,50.0,long_mixed_workload
2026-07-21T00:17:26+01:00,1.0,1.0,1.0,50.0,long_mixed_workload
2026-07-21T00:17:42+01:00,1.0,1.0,1.0,50.0,long_mixed_workload
2026-07-21T00:17:58+01:00,1.0,3.0,146.0,50.0,long_mixed_workload
2026-07-21T00:18:13+01:00,3.0,3.0,107.0,50.0,long_mixed_workload
2026-07-21T00:18:29+01:00,3.0,3.0,107.0,50.0,long_mixed_workload
2026-07-21T00:18:45+01:00,3.0,5.0,123.0,50.0,long_mixed_workload
2026-07-21T00:19:00+01:00,5.0,5.0,123.0,50.0,long_mixed_workload
2026-07-21T00:19:16+01:00,5.0,5.0,123.0,50.0,long_mixed_workload
2026-07-21T00:19:32+01:00,5.0,5.0,123.0,50.0,long_mixed_workload
2026-07-21T00:19:47+01:00,5.0,9.0,135.0,50.0,long_mixed_workload
2026-07-21T00:20:03+01:00,9.0,9.0,135.0,50.0,long_mixed_workload
2026-07-21T00:20:18+01:00,9.0,9.0,135.0,50.0,long_mixed_workload
2026-07-21T00:20:34+01:00,9.0,9.0,135.0,50.0,long_mixed_workload
2026-07-21T00:20:49+01:00,9.0,9.0,135.0,50.0,long_mixed_workload
2026-07-21T00:21:05+01:00,9.0,9.0,96.0,50.0,long_mixed_workload
2026-07-21T00:21:21+01:00,9.0,9.0,96.0,50.0,long_mixed_workload
2026-07-21T00:21:36+01:00,9.0,9.0,92.0,50.0,long_mixed_workload
2026-07-21T00:21:52+01:00,9.0,9.0,92.0,50.0,long_mixed_workload
2026-07-21T00:22:08+01:00,9.0,18.0,113.0,50.0,long_mixed_workload
2026-07-21T00:22:23+01:00,18.0,20.0,113.0,50.0,long_mixed_workload
2026-07-21T00:22:39+01:00,20.0,20.0,115.0,50.0,long_mixed_workload
2026-07-21T00:22:54+01:00,20.0,20.0,115.0,50.0,long_mixed_workload
2026-07-21T00:23:10+01:00,20.0,20.0,153.0,50.0,long_mixed_workload
2026-07-21T00:23:26+01:00,20.0,20.0,153.0,50.0,long_mixed_workload
2026-07-21T00:23:41+01:00,20.0,20.0,153.0,50.0,long_mixed_workload
2026-07-21T00:23:57+01:00,20.0,20.0,149.0,50.0,long_mixed_workload
2026-07-21T00:24:12+01:00,20.0,20.0,149.0,50.0,long_mixed_workload
2026-07-21T00:24:28+01:00,20.0,20.0,149.0,50.0,long_mixed_workload
2026-07-21T00:24:44+01:00,20.0,20.0,149.0,50.0,long_mixed_workload
2026-07-21T00:25:00+01:00,20.0,20.0,148.0,50.0,long_mixed_workload
2026-07-21T00:25:16+01:00,20.0,20.0,149.0,50.0,long_mixed_workload
2026-07-21T00:25:31+01:00,20.0,20.0,148.0,50.0,long_mixed_workload
2026-07-21T00:25:47+01:00,20.0,20.0,149.0,50.0,long_mixed_workload
2026-07-21T00:26:03+01:00,20.0,20.0,149.0,50.0,long_mixed_workload
2026-07-21T00:26:19+01:00,20.0,20.0,152.0,50.0,long_mixed_workload
2026-07-21T00:26:35+01:00,20.0,20.0,149.0,50.0,long_mixed_workload
2026-07-21T00:26:51+01:00,20.0,20.0,154.0,50.0,long_mixed_workload
2026-07-21T00:27:06+01:00,20.0,20.0,154.0,50.0,long_mixed_workload
2026-07-21T00:27:22+01:00,20.0,20.0,154.0,50.0,long_mixed_workload
2026-07-21T00:27:38+01:00,20.0,20.0,151.0,50.0,long_mixed_workload
2026-07-21T00:27:58+01:00,20.0,20.0,151.0,50.0,long_mixed_workload
2026-07-21T00:28:14+01:00,20.0,20.0,154.0,50.0,long_mixed_workload
2026-07-21T00:28:30+01:00,20.0,20.0,154.0,50.0,long_mixed_workload
2026-07-21T00:28:46+01:00,20.0,20.0,152.0,50.0,long_mixed_workload
2026-07-21T00:29:02+01:00,20.0,20.0,151.0,50.0,long_mixed_workload
2026-07-21T00:29:18+01:00,20.0,20.0,151.0,50.0,long_mixed_workload
2026-07-21T00:29:34+01:00,20.0,20.0,152.0,50.0,long_mixed_workload
2026-07-21T00:29:54+01:00,20.0,20.0,146.0,50.0,long_mixed_workload
2026-07-21T00:30:10+01:00,20.0,20.0,146.0,50.0,long_mixed_workload
2026-07-21T00:30:26+01:00,20.0,20.0,146.0,50.0,long_mixed_workload
2026-07-21T00:30:42+01:00,20.0,20.0,146.0,50.0,long_mixed_workload
2026-07-21T00:30:57+01:00,20.0,20.0,128.0,50.0,long_mixed_workload
2026-07-21T00:31:13+01:00,20.0,20.0,129.0,50.0,long_mixed_workload
2026-07-21T00:31:29+01:00,20.0,20.0,129.0,50.0,long_mixed_workload
2026-07-21T00:31:45+01:00,20.0,20.0,153.0,50.0,long_mixed_workload
2026-07-21T00:32:01+01:00,20.0,20.0,153.0,50.0,long_mixed_workload
2026-07-21T00:32:17+01:00,20.0,20.0,153.0,50.0,long_mixed_workload
2026-07-21T00:32:32+01:00,20.0,20.0,153.0,50.0,long_mixed_workload
2026-07-21T00:32:48+01:00,20.0,20.0,153.0,50.0,long_mixed_workload
2026-07-21T00:33:04+01:00,20.0,20.0,153.0,50.0,long_mixed_workload
2026-07-21T00:33:20+01:00,20.0,20.0,153.0,50.0,long_mixed_workload
2026-07-21T00:33:35+01:00,20.0,20.0,153.0,50.0,long_mixed_workload
2026-07-21T00:33:51+01:00,20.0,20.0,152.0,50.0,long_mixed_workload
2026-07-21T00:34:07+01:00,20.0,20.0,153.0,50.0,long_mixed_workload
2026-07-21T00:34:23+01:00,20.0,20.0,152.0,50.0,long_mixed_workload
2026-07-21T00:34:38+01:00,20.0,20.0,153.0,50.0,long_mixed_workload
2026-07-21T00:34:54+01:00,20.0,20.0,152.0,50.0,long_mixed_workload
2026-07-21T00:35:10+01:00,20.0,20.0,152.0,50.0,long_mixed_workload
2026-07-21T00:35:26+01:00,20.0,20.0,152.0,50.0,long_mixed_workload
2026-07-21T00:35:41+01:00,20.0,20.0,152.0,50.0,long_mixed_workload
2026-07-21T00:35:57+01:00,20.0,20.0,150.0,50.0,long_mixed_workload
2026-07-21T00:36:13+01:00,20.0,20.0,148.0,50.0,long_mixed_workload
2026-07-21T00:36:29+01:00,20.0,20.0,148.0,50.0,long_mixed_workload
2026-07-21T00:36:45+01:00,20.0,20.0,148.0,50.0,long_mixed_workload
2026-07-21T00:37:00+01:00,20.0,20.0,152.0,50.0,long_mixed_workload
2026-07-21T00:37:16+01:00,20.0,20.0,152.0,50.0,long_mixed_workload
2026-07-21T00:37:32+01:00,20.0,20.0,152.0,50.0,long_mixed_workload
2026-07-21T00:37:48+01:00,20.0,20.0,152.0,50.0,long_mixed_workload
2026-07-21T00:38:04+01:00,20.0,20.0,152.0,50.0,long_mixed_workload
2026-07-21T00:38:19+01:00,20.0,20.0,152.0,50.0,long_mixed_workload
2026-07-21T00:38:35+01:00,20.0,20.0,152.0,50.0,long_mixed_workload
2026-07-21T00:38:52+01:00,20.0,20.0,153.0,50.0,long_mixed_workload
2026-07-21T00:39:08+01:00,20.0,20.0,153.0,50.0,long_mixed_workload
2026-07-21T00:39:23+01:00,20.0,20.0,153.0,50.0,long_mixed_workload
2026-07-21T00:39:39+01:00,20.0,20.0,153.0,50.0,long_mixed_workload
2026-07-21T00:39:55+01:00,20.0,20.0,145.0,50.0,long_mixed_workload
2026-07-21T00:40:10+01:00,20.0,20.0,145.0,50.0,long_mixed_workload
2026-07-21T00:40:26+01:00,20.0,20.0,145.0,50.0,long_mixed_workload
2026-07-21T00:40:41+01:00,20.0,20.0,145.0,50.0,long_mixed_workload
2026-07-21T00:40:57+01:00,20.0,20.0,125.0,50.0,long_mixed_workload
2026-07-21T00:41:12+01:00,20.0,20.0,126.0,50.0,long_mixed_workload
2026-07-21T00:41:28+01:00,20.0,20.0,125.0,50.0,long_mixed_workload
2026-07-21T00:41:44+01:00,20.0,20.0,125.0,50.0,long_mixed_workload
2026-07-21T00:41:59+01:00,20.0,20.0,152.0,50.0,long_mixed_workload
2026-07-21T00:42:15+01:00,20.0,20.0,152.0,50.0,long_mixed_workload
2026-07-21T00:42:31+01:00,20.0,20.0,152.0,50.0,long_mixed_workload
2026-07-21T00:42:46+01:00,20.0,20.0,152.0,50.0,long_mixed_workload
2026-07-21T00:43:02+01:00,20.0,20.0,152.0,50.0,long_mixed_workload
2026-07-21T00:43:18+01:00,20.0,20.0,152.0,50.0,long_mixed_workload
2026-07-21T00:43:33+01:00,20.0,20.0,152.0,50.0,long_mixed_workload
2026-07-21T00:43:49+01:00,20.0,20.0,153.0,50.0,long_mixed_workload
2026-07-21T00:44:04+01:00,20.0,20.0,154.0,50.0,long_mixed_workload
2026-07-21T00:44:20+01:00,20.0,20.0,153.0,50.0,long_mixed_workload
2026-07-21T00:44:36+01:00,20.0,20.0,153.0,50.0,long_mixed_workload
2026-07-21T00:44:52+01:00,20.0,20.0,151.0,50.0,long_mixed_workload
2026-07-21T00:45:07+01:00,20.0,20.0,152.0,50.0,long_mixed_workload
2026-07-21T00:45:23+01:00,20.0,20.0,152.0,50.0,long_mixed_workload
2026-07-21T00:45:39+01:00,20.0,20.0,151.0,50.0,long_mixed_workload
2026-07-21T00:45:54+01:00,20.0,20.0,152.0,50.0,long_mixed_workload
2026-07-21T00:46:10+01:00,20.0,20.0,152.0,50.0,long_mixed_workload
2026-07-21T00:46:25+01:00,20.0,20.0,151.0,50.0,long_mixed_workload
2026-07-21T00:46:41+01:00,20.0,20.0,151.0,50.0,long_mixed_workload
2026-07-21T00:46:57+01:00,20.0,20.0,150.0,50.0,long_mixed_workload
2026-07-21T00:47:13+01:00,20.0,20.0,150.0,50.0,long_mixed_workload
2026-07-21T00:47:28+01:00,20.0,20.0,153.0,50.0,long_mixed_workload
2026-07-21T00:47:44+01:00,20.0,20.0,153.0,50.0,long_mixed_workload
2026-07-21T00:48:00+01:00,20.0,20.0,152.0,50.0,long_mixed_workload
2026-07-21T00:48:15+01:00,20.0,20.0,152.0,50.0,long_mixed_workload
2026-07-21T00:48:31+01:00,20.0,20.0,151.0,50.0,long_mixed_workload
2026-07-21T00:48:47+01:00,20.0,20.0,152.0,50.0,long_mixed_workload
2026-07-21T00:49:02+01:00,20.0,20.0,154.0,50.0,long_mixed_workload
2026-07-21T00:49:18+01:00,20.0,20.0,155.0,50.0,long_mixed_workload
2026-07-21T00:49:34+01:00,20.0,20.0,154.0,50.0,long_mixed_workload
2026-07-21T00:49:49+01:00,20.0,20.0,144.0,50.0,long_mixed_workload
2026-07-21T00:50:05+01:00,20.0,20.0,146.0,50.0,long_mixed_workload
2026-07-21T00:50:20+01:00,20.0,20.0,146.0,50.0,long_mixed_workload
2026-07-21T00:50:36+01:00,20.0,20.0,144.0,50.0,long_mixed_workload
2026-07-21T00:50:52+01:00,20.0,20.0,127.0,50.0,long_mixed_workload
2026-07-21T00:51:07+01:00,20.0,20.0,128.0,50.0,long_mixed_workload
2026-07-21T00:51:23+01:00,20.0,20.0,127.0,50.0,long_mixed_workload
2026-07-21T00:51:38+01:00,20.0,20.0,128.0,50.0,long_mixed_workload
2026-07-21T00:51:54+01:00,20.0,20.0,153.0,50.0,long_mixed_workload
2026-07-21T00:52:10+01:00,20.0,20.0,153.0,50.0,long_mixed_workload
2026-07-21T00:52:25+01:00,20.0,20.0,153.0,50.0,long_mixed_workload
2026-07-21T00:52:41+01:00,20.0,20.0,153.0,50.0,long_mixed_workload
2026-07-21T00:52:57+01:00,20.0,20.0,152.0,50.0,long_mixed_workload
2026-07-21T00:53:12+01:00,20.0,20.0,152.0,50.0,long_mixed_workload
2026-07-21T00:53:28+01:00,20.0,20.0,152.0,50.0,long_mixed_workload
2026-07-21T00:53:43+01:00,20.0,20.0,152.0,50.0,long_mixed_workload
2026-07-21T00:53:59+01:00,20.0,20.0,154.0,50.0,long_mixed_workload
2026-07-21T00:54:15+01:00,20.0,20.0,153.0,50.0,long_mixed_workload
2026-07-21T00:54:30+01:00,20.0,20.0,154.0,50.0,long_mixed_workload
2026-07-21T00:54:46+01:00,20.0,20.0,153.0,50.0,long_mixed_workload
2026-07-21T00:55:01+01:00,20.0,20.0,152.0,50.0,long_mixed_workload
2026-07-21T00:55:17+01:00,20.0,20.0,152.0,50.0,long_mixed_workload
2026-07-21T00:55:33+01:00,20.0,20.0,152.0,50.0,long_mixed_workload
2026-07-21T00:55:48+01:00,20.0,20.0,152.0,50.0,long_mixed_workload
2026-07-21T00:56:04+01:00,20.0,20.0,152.0,50.0,long_mixed_workload
2026-07-21T00:56:19+01:00,20.0,20.0,152.0,50.0,long_mixed_workload
2026-07-21T00:56:35+01:00,20.0,20.0,151.0,50.0,long_mixed_workload
2026-07-21T00:56:51+01:00,20.0,20.0,153.0,50.0,long_mixed_workload
2026-07-21T00:57:06+01:00,20.0,20.0,153.0,50.0,long_mixed_workload
2026-07-21T00:57:22+01:00,20.0,20.0,153.0,50.0,long_mixed_workload
2026-07-21T00:57:37+01:00,20.0,20.0,153.0,50.0,long_mixed_workload
2026-07-21T00:57:54+01:00,20.0,20.0,153.0,50.0,long_mixed_workload
2026-07-21T00:58:09+01:00,20.0,20.0,153.0,50.0,long_mixed_workload
2026-07-21T00:58:25+01:00,20.0,20.0,153.0,50.0,long_mixed_workload
2026-07-21T00:58:40+01:00,20.0,20.0,153.0,50.0,long_mixed_workload
2026-07-21T00:58:56+01:00,20.0,20.0,152.0,50.0,long_mixed_workload
2026-07-21T00:59:12+01:00,20.0,20.0,153.0,50.0,long_mixed_workload
2026-07-21T00:59:27+01:00,20.0,20.0,152.0,50.0,long_mixed_workload
2026-07-21T00:59:43+01:00,20.0,20.0,152.0,50.0,long_mixed_workload
2026-07-21T00:59:59+01:00,20.0,20.0,143.0,50.0,long_mixed_workload
2026-07-21T01:00:14+01:00,20.0,20.0,147.0,50.0,long_mixed_workload
2026-07-21T01:00:30+01:00,20.0,20.0,143.0,50.0,long_mixed_workload
2026-07-21T01:00:45+01:00,20.0,20.0,143.0,50.0,long_mixed_workload
2026-07-21T01:01:01+01:00,20.0,20.0,128.0,50.0,long_mixed_workload
2026-07-21T01:01:17+01:00,20.0,20.0,128.0,50.0,long_mixed_workload
2026-07-21T01:01:32+01:00,20.0,20.0,124.0,50.0,long_mixed_workload
2026-07-21T01:01:48+01:00,20.0,20.0,128.0,50.0,long_mixed_workload
2026-07-21T01:02:04+01:00,20.0,20.0,152.0,50.0,long_mixed_workload
2026-07-21T01:02:19+01:00,20.0,20.0,152.0,50.0,long_mixed_workload
2026-07-21T01:02:35+01:00,20.0,20.0,152.0,50.0,long_mixed_workload
2026-07-21T01:02:51+01:00,20.0,20.0,152.0,50.0,long_mixed_workload
2026-07-21T01:03:06+01:00,20.0,20.0,151.0,50.0,long_mixed_workload
2026-07-21T01:03:22+01:00,20.0,20.0,152.0,50.0,long_mixed_workload
2026-07-21T01:03:37+01:00,20.0,20.0,152.0,50.0,long_mixed_workload
2026-07-21T01:03:53+01:00,20.0,20.0,153.0,50.0,long_mixed_workload
2026-07-21T01:04:09+01:00,20.0,20.0,153.0,50.0,long_mixed_workload
2026-07-21T01:04:24+01:00,20.0,20.0,153.0,50.0,long_mixed_workload
2026-07-21T01:04:40+01:00,20.0,20.0,153.0,50.0,long_mixed_workload
2026-07-21T01:04:56+01:00,20.0,20.0,152.0,50.0,long_mixed_workload
2026-07-21T01:05:11+01:00,20.0,20.0,152.0,50.0,long_mixed_workload
2026-07-21T01:05:27+01:00,20.0,20.0,152.0,50.0,long_mixed_workload
2026-07-21T01:05:42+01:00,20.0,20.0,151.0,50.0,long_mixed_workload
2026-07-21T01:05:58+01:00,20.0,20.0,151.0,50.0,long_mixed_workload
2026-07-21T01:06:14+01:00,20.0,20.0,151.0,50.0,long_mixed_workload
2026-07-21T01:06:29+01:00,20.0,20.0,151.0,50.0,long_mixed_workload
2026-07-21T01:06:45+01:00,20.0,20.0,152.0,50.0,long_mixed_workload
2026-07-21T01:07:01+01:00,20.0,20.0,155.0,50.0,long_mixed_workload
2026-07-21T01:07:16+01:00,20.0,20.0,155.0,50.0,long_mixed_workload
2026-07-21T01:07:32+01:00,20.0,20.0,155.0,50.0,long_mixed_workload
2026-07-21T01:07:48+01:00,20.0,20.0,147.0,50.0,long_mixed_workload
2026-07-21T01:08:03+01:00,20.0,20.0,146.0,50.0,long_mixed_workload
2026-07-21T01:08:19+01:00,20.0,20.0,147.0,50.0,long_mixed_workload
2026-07-21T01:08:35+01:00,20.0,20.0,146.0,50.0,long_mixed_workload
2026-07-21T01:08:50+01:00,20.0,20.0,151.0,50.0,long_mixed_workload
2026-07-21T01:09:06+01:00,20.0,20.0,152.0,50.0,long_mixed_workload
2026-07-21T01:09:22+01:00,20.0,20.0,151.0,50.0,long_mixed_workload
2026-07-21T01:09:37+01:00,20.0,20.0,151.0,50.0,long_mixed_workload
2026-07-21T01:09:53+01:00,20.0,20.0,146.0,50.0,long_mixed_workload
2026-07-21T01:10:09+01:00,20.0,20.0,144.0,50.0,long_mixed_workload
2026-07-21T01:10:24+01:00,20.0,20.0,146.0,50.0,long_mixed_workload
2026-07-21T01:10:40+01:00,20.0,20.0,144.0,50.0,long_mixed_workload
2026-07-21T01:10:55+01:00,20.0,20.0,127.0,50.0,long_mixed_workload
2026-07-21T01:11:11+01:00,20.0,20.0,124.0,50.0,long_mixed_workload
2026-07-21T01:11:27+01:00,20.0,20.0,124.0,50.0,long_mixed_workload
2026-07-21T01:11:42+01:00,20.0,20.0,151.0,50.0,long_mixed_workload
2026-07-21T01:11:58+01:00,20.0,20.0,150.0,50.0,long_mixed_workload
2026-07-21T01:12:14+01:00,20.0,20.0,150.0,50.0,long_mixed_workload
2026-07-21T01:12:29+01:00,20.0,20.0,150.0,50.0,long_mixed_workload
2026-07-21T01:12:45+01:00,20.0,20.0,121.0,50.0,long_mixed_workload
2026-07-21T01:13:00+01:00,20.0,20.0,114.0,50.0,long_mixed_workload
2026-07-21T01:13:16+01:00,20.0,20.0,114.0,50.0,long_mixed_workload
2026-07-21T01:13:32+01:00,20.0,20.0,114.0,50.0,long_mixed_workload
2026-07-21T01:13:47+01:00,20.0,20.0,114.0,50.0,long_mixed_workload
2026-07-21T01:14:03+01:00,20.0,20.0,4.0,50.0,long_mixed_workload
2026-07-21T01:14:18+01:00,20.0,20.0,6.0,50.0,long_mixed_workload
2026-07-21T01:14:34+01:00,20.0,20.0,4.0,50.0,long_mixed_workload
2026-07-21T01:14:50+01:00,20.0,20.0,4.0,50.0,long_mixed_workload
2026-07-21T01:15:05+01:00,20.0,20.0,0.0,50.0,long_mixed_workload
2026-07-21T01:15:21+01:00,20.0,20.0,0.0,50.0,long_mixed_workload
2026-07-21T01:15:37+01:00,20.0,20.0,0.0,50.0,long_mixed_workload
2026-07-21T01:15:52+01:00,20.0,20.0,0.0,50.0,long_mixed_workload
2026-07-21T01:16:08+01:00,20.0,20.0,0.0,50.0,long_mixed_workload
2026-07-21T01:16:23+01:00,20.0,20.0,0.0,50.0,long_mixed_workload
2026-07-21T01:16:39+01:00,20.0,20.0,0.0,50.0,long_mixed_workload
2026-07-21T01:16:55+01:00,20.0,20.0,0.0,50.0,long_mixed_workload
2026-07-21T01:17:10+01:00,20.0,20.0,0.0,50.0,long_mixed_workload
2026-07-21T01:17:26+01:00,20.0,20.0,0.0,50.0,long_mixed_workload
2026-07-21T01:17:41+01:00,20.0,20.0,0.0,50.0,long_mixed_workload
2026-07-21T01:17:57+01:00,20.0,20.0,0.0,50.0,long_mixed_workload
2026-07-21T01:18:13+01:00,20.0,20.0,0.0,50.0,long_mixed_workload
2026-07-21T01:18:28+01:00,20.0,20.0,0.0,50.0,long_mixed_workload
2026-07-21T01:18:44+01:00,20.0,2.0,0.0,50.0,long_mixed_workload
2026-07-21T01:19:00+01:00,2.0,2.0,0.0,50.0,long_mixed_workload
2026-07-21T01:19:15+01:00,2.0,1.0,0.0,50.0,long_mixed_workload
2026-07-21T01:19:31+01:00,1.0,1.0,0.0,50.0,long_mixed_workload
2026-07-21T01:19:47+01:00,1.0,1.0,0.0,50.0,long_mixed_workload
2026-07-21T01:20:03+01:00,1.0,1.0,0.0,50.0,long_mixed_workload
2026-07-21T01:20:19+01:00,1.0,1.0,0.0,50.0,long_mixed_workload
2026-07-21T01:20:34+01:00,1.0,1.0,0.0,50.0,long_mixed_workload
2026-07-21T01:20:50+01:00,1.0,1.0,0.0,50.0,long_mixed_workload
2026-07-21T01:21:06+01:00,1.0,1.0,0.0,50.0,long_mixed_workload
2026-07-21T01:21:22+01:00,1.0,1.0,0.0,50.0,long_mixed_workload
2026-07-21T01:21:37+01:00,1.0,1.0,0.0,50.0,long_mixed_workload
2026-07-21T01:21:53+01:00,1.0,1.0,0.0,50.0,long_mixed_workload
2026-07-21T01:22:09+01:00,1.0,1.0,0.0,50.0,long_mixed_workload
2026-07-21T01:22:24+01:00,1.0,1.0,0.0,50.0,long_mixed_workload
2026-07-21T01:22:40+01:00,1.0,1.0,0.0,50.0,long_mixed_workload
2026-07-21T01:22:56+01:00,1.0,1.0,0.0,50.0,long_mixed_workload
2026-07-21T01:23:11+01:00,1.0,1.0,0.0,50.0,long_mixed_workload
2026-07-21T01:23:27+01:00,1.0,1.0,0.0,50.0,long_mixed_workload
2026-07-21T01:23:42+01:00,1.0,1.0,0.0,50.0,long_mixed_workload
2026-07-21T01:23:58+01:00,1.0,1.0,0.0,50.0,long_mixed_workload
2026-07-21T01:24:14+01:00,1.0,1.0,0.0,50.0,long_mixed_workload
2026-07-21T01:24:29+01:00,1.0,1.0,0.0,50.0,long_mixed_workload
2026-07-21T01:24:45+01:00,1.0,1.0,0.0,50.0,long_mixed_workload
2026-07-21T01:25:01+01:00,1.0,1.0,0.0,50.0,long_mixed_workload
2026-07-21T01:25:17+01:00,1.0,1.0,0.0,50.0,long_mixed_workload
2026-07-21T01:25:32+01:00,1.0,1.0,0.0,50.0,long_mixed_workload
2026-07-21T01:25:48+01:00,1.0,1.0,0.0,50.0,long_mixed_workload
2026-07-21T01:26:04+01:00,1.0,1.0,0.0,50.0,long_mixed_workload
2026-07-21T01:26:20+01:00,1.0,1.0,0.0,50.0,long_mixed_workload
2026-07-21T01:26:36+01:00,1.0,1.0,,50.0,long_mixed_workload
2026-07-21T01:26:51+01:00,1.0,1.0,,50.0,long_mixed_workload
2026-07-21T01:27:07+01:00,,,,,long_mixed_workload
2026-07-21T01:27:43+01:00,,,,,long_mixed_workload
2026-07-21T01:28:20+01:00,,,,,long_mixed_workload
2026-07-21T01:28:35+01:00,,,,,long_mixed_workload
2026-07-21T01:28:51+01:00,,,,,long_mixed_workload
2026-07-21T01:29:06+01:00,,,,,long_mixed_workload
2026-07-21T01:29:22+01:00,,,,,long_mixed_workload
2026-07-21T01:29:37+01:00,,,,,long_mixed_workload
2026-07-21T01:29:53+01:00,,,,,long_mixed_workload
2026-07-21T01:30:08+01:00,,,,,long_mixed_workload
2026-07-21T01:30:24+01:00,,,,,long_mixed_workload
2026-07-21T01:30:39+01:00,,,,,long_mixed_workload
2026-07-21T01:30:55+01:00,,,,,long_mixed_workload
2026-07-21T01:31:10+01:00,,,,,long_mixed_workload
2026-07-21T01:31:26+01:00,,,,,long_mixed_workload
2026-07-21T01:31:41+01:00,,,,,long_mixed_workload
2026-07-21T01:31:57+01:00,,,,,long_mixed_workload
2026-07-21T01:32:12+01:00,,,,,long_mixed_workload
2026-07-21T01:32:28+01:00,,,,,long_mixed_workload
2026-07-21T01:32:43+01:00,,,,,long_mixed_workload
2026-07-21T01:32:59+01:00,,,,,long_mixed_workload
2026-07-21T01:33:14+01:00,,,,,long_mixed_workload
2026-07-21T01:33:30+01:00,,,,,long_mixed_workload
2026-07-21T01:33:45+01:00,,,,,long_mixed_workload
2026-07-21T01:34:01+01:00,,,,,long_mixed_workload
2026-07-21T01:34:16+01:00,,,,,long_mixed_workload
2026-07-21T01:34:32+01:00,,,,,long_mixed_workload
2026-07-21T01:34:47+01:00,,,,,long_mixed_workload
2026-07-21T01:35:02+01:00,,,,,long_mixed_workload
2026-07-21T01:35:18+01:00,,,,,long_mixed_workload
2026-07-21T01:35:33+01:00,,,,,long_mixed_workload
2026-07-21T01:35:49+01:00,,,,,long_mixed_workload
2026-07-21T01:36:04+01:00,,,,,long_mixed_workload
2026-07-21T01:36:20+01:00,,,,,long_mixed_workload
2026-07-21T01:36:35+01:00,,,,,long_mixed_workload
2026-07-21T01:36:51+01:00,,,,,long_mixed_workload
2026-07-21T01:37:06+01:00,,,,,long_mixed_workload
2026-07-21T01:37:22+01:00,,,,,long_mixed_workload
2026-07-21T01:37:37+01:00,,,,,long_mixed_workload
2026-07-21T01:37:53+01:00,,,,,long_mixed_workload
2026-07-21T01:38:09+01:00,,,,,long_mixed_workload
2026-07-21T01:38:24+01:00,,,,,long_mixed_workload
2026-07-21T01:38:39+01:00,,,,,long_mixed_workload
2026-07-21T01:38:55+01:00,,,,,long_mixed_workload
2026-07-21T01:39:10+01:00,,,,,long_mixed_workload
2026-07-21T01:39:26+01:00,,,,,long_mixed_workload
2026-07-21T01:39:41+01:00,,,,,long_mixed_workload
2026-07-21T01:39:57+01:00,,,,,long_mixed_workload
2026-07-21T01:40:13+01:00,,,,,long_mixed_workload
2026-07-21T01:40:28+01:00,,,,,long_mixed_workload
2026-07-21T01:40:43+01:00,,,,,long_mixed_workload
2026-07-21T01:40:59+01:00,,,,,long_mixed_workload
2026-07-21T01:41:14+01:00,,,,,long_mixed_workload
2026-07-21T01:41:30+01:00,,,,,long_mixed_workload
2026-07-21T01:41:45+01:00,,,,,long_mixed_workload
2026-07-21T01:42:01+01:00,,,,,long_mixed_workload
2026-07-21T01:42:16+01:00,,,,,long_mixed_workload
2026-07-21T01:42:32+01:00,,,,,long_mixed_workload
2026-07-21T01:42:47+01:00,,,,,long_mixed_workload
2026-07-21T01:43:02+01:00,,,,,long_mixed_workload
2026-07-21T01:43:18+01:00,,,,,long_mixed_workload
2026-07-21T01:43:33+01:00,,,,,long_mixed_workload
2026-07-21T01:43:49+01:00,,,,,long_mixed_workload
2026-07-21T01:44:04+01:00,,,,,long_mixed_workload
2026-07-21T01:44:20+01:00,,,,,long_mixed_workload
2026-07-21T01:44:35+01:00,,,,,long_mixed_workload
2026-07-21T01:44:51+01:00,,,,,long_mixed_workload
2026-07-21T01:45:07+01:00,,,,,long_mixed_workload
2026-07-21T01:45:22+01:00,,,,,long_mixed_workload
2026-07-21T01:45:38+01:00,,,,,long_mixed_workload
2026-07-21T01:45:53+01:00,,,,,long_mixed_workload
2026-07-21T01:46:09+01:00,,,,,long_mixed_workload
2026-07-21T01:46:24+01:00,,,,,long_mixed_workload
2026-07-21T01:46:39+01:00,,,,,long_mixed_workload
2026-07-21T01:46:55+01:00,,,,,long_mixed_workload
2026-07-21T01:47:10+01:00,,,,,long_mixed_workload
2026-07-21T01:47:26+01:00,,,,,long_mixed_workload
2026-07-21T01:47:41+01:00,,,,,long_mixed_workload
2026-07-21T01:47:57+01:00,,,,,long_mixed_workload
2026-07-21T01:48:13+01:00,,,,,long_mixed_workload
2026-07-21T01:48:29+01:00,,,,,long_mixed_workload
2026-07-21T01:48:44+01:00,,,,,long_mixed_workload
2026-07-21T01:49:00+01:00,,,,,long_mixed_workload
2026-07-21T01:49:16+01:00,,,,,long_mixed_workload
2026-07-21T01:49:31+01:00,,,,,long_mixed_workload
2026-07-21T01:49:47+01:00,,,,,long_mixed_workload
2026-07-21T01:50:02+01:00,,,,,long_mixed_workload
2026-07-21T01:50:18+01:00,,,,,long_mixed_workload
2026-07-21T01:50:33+01:00,,,,,long_mixed_workload
2026-07-21T01:50:49+01:00,,,,,long_mixed_workload
2026-07-21T01:51:04+01:00,,,,,long_mixed_workload
2026-07-21T01:51:19+01:00,,,,,long_mixed_workload
2026-07-21T01:51:35+01:00,,,,,long_mixed_workload
2026-07-21T01:51:50+01:00,,,,,long_mixed_workload
2026-07-21T01:52:06+01:00,,,,,long_mixed_workload
2026-07-21T01:52:21+01:00,,,,,long_mixed_workload
2026-07-21T01:52:37+01:00,,,,,long_mixed_workload
2026-07-21T01:52:52+01:00,,,,,long_mixed_workload
2026-07-21T01:53:07+01:00,,,,,long_mixed_workload
2026-07-21T01:53:23+01:00,,,,,long_mixed_workload
2026-07-21T01:53:38+01:00,,,,,long_mixed_workload
2026-07-21T01:53:54+01:00,,,,,long_mixed_workload
2026-07-21T22:43:36+01:00,,,,,long_mixed_workload
2026-07-21T22:44:00+01:00,,,,,long_mixed_workload
2026-07-21T22:44:16+01:00,,,,,long_mixed_workload
2026-07-21T22:44:33+01:00,,,,,long_mixed_workload
2026-07-21T22:44:49+01:00,,,,,long_mixed_workload
2026-07-21T22:45:05+01:00,,,,,long_mixed_workload
2026-07-21T22:45:20+01:00,,,,,long_mixed_workload
2026-07-21T22:45:36+01:00,,,,,long_mixed_workload
2026-07-21T22:45:52+01:00,,,,,long_mixed_workload
2026-07-21T22:46:08+01:00,,,,,long_mixed_workload
2026-07-21T22:46:24+01:00,,,,,long_mixed_workload
2026-07-21T22:46:39+01:00,,,,,long_mixed_workload
2026-07-21T22:46:55+01:00,,,,,long_mixed_workload
2026-07-21T22:47:11+01:00,,,,,long_mixed_workload
2026-07-21T22:47:26+01:00,,,,,long_mixed_workload
2026-07-21T22:47:42+01:00,,,,,long_mixed_workload
2026-07-21T22:47:58+01:00,,,,,long_mixed_workload
2026-07-21T22:48:14+01:00,,,,,long_mixed_workload
2026-07-21T22:48:30+01:00,,,,,long_mixed_workload
2026-07-21T22:48:46+01:00,,,,,long_mixed_workload
2026-07-21T22:49:01+01:00,,,,,long_mixed_workload
2026-07-21T22:49:17+01:00,,,,,long_mixed_workload
2026-07-21T22:49:33+01:00,,,,,long_mixed_workload
2026-07-21T22:49:48+01:00,,,,,long_mixed_workload
2026-07-21T22:50:04+01:00,,,,,long_mixed_workload
2026-07-21T22:50:20+01:00,,,,,long_mixed_workload
2026-07-21T22:50:35+01:00,,,,,long_mixed_workload
2026-07-21T22:50:51+01:00,,,,,long_mixed_workload
2026-07-21T22:51:07+01:00,,,,,long_mixed_workload
2026-07-21T22:51:23+01:00,,,,,long_mixed_workload
2026-07-21T22:51:38+01:00,,,,,long_mixed_workload
2026-07-21T22:51:54+01:00,,,,,long_mixed_workload
2026-07-21T22:52:10+01:00,,,,,long_mixed_workload
2026-07-21T22:52:26+01:00,,,,,long_mixed_workload
2026-07-21T22:52:42+01:00,,,,,long_mixed_workload
2026-07-21T22:52:57+01:00,,,,,long_mixed_workload
2026-07-21T22:53:13+01:00,,,,,long_mixed_workload
2026-07-21T22:53:29+01:00,,,,,long_mixed_workload
2026-07-21T22:53:45+01:00,,,,,long_mixed_workload
2026-07-21T22:54:01+01:00,,,,,long_mixed_workload
2026-07-21T22:54:17+01:00,,,,,long_mixed_workload
2026-07-21T22:54:33+01:00,,,,,long_mixed_workload
2026-07-21T22:54:48+01:00,,,,,long_mixed_workload
2026-07-21T22:55:04+01:00,,,,,long_mixed_workload
2026-07-21T22:55:20+01:00,,,,,long_mixed_workload
2026-07-21T22:55:36+01:00,,,,,long_mixed_workload
2026-07-21T22:55:52+01:00,,,,,long_mixed_workload
2026-07-21T22:56:07+01:00,,,,,long_mixed_workload
2026-07-21T22:56:23+01:00,,,,,long_mixed_workload
2026-07-21T22:56:39+01:00,,,,,long_mixed_workload
2026-07-21T22:56:54+01:00,,,,,long_mixed_workload
2026-07-21T22:57:10+01:00,,,,,long_mixed_workload
2026-07-21T22:57:26+01:00,,,,,long_mixed_workload
2026-07-21T22:57:42+01:00,,,,,long_mixed_workload
2026-07-21T22:57:57+01:00,,,,,long_mixed_workload
2026-07-21T22:58:13+01:00,,,,,long_mixed_workload
2026-07-21T22:58:29+01:00,,,,,long_mixed_workload
2026-07-21T22:58:45+01:00,,,,,long_mixed_workload
2026-07-21T22:59:00+01:00,,,,,long_mixed_workload
2026-07-21T22:59:16+01:00,,,,,long_mixed_workload
2026-07-21T22:59:32+01:00,,,,,long_mixed_workload
2026-07-21T22:59:48+01:00,,,,,long_mixed_workload
2026-07-21T23:00:03+01:00,,,,,long_mixed_workload
2026-07-21T23:00:19+01:00,,,,,long_mixed_workload
2026-07-21T23:00:35+01:00,,,,,long_mixed_workload
2026-07-21T23:00:50+01:00,,,,,long_mixed_workload
2026-07-21T23:01:06+01:00,,,,,long_mixed_workload
2026-07-21T23:01:22+01:00,,,,,long_mixed_workload
2026-07-21T23:01:38+01:00,,,,,long_mixed_workload
2026-07-21T23:01:53+01:00,,,,,long_mixed_workload
2026-07-21T23:02:09+01:00,,,,,long_mixed_workload
2026-07-21T23:02:25+01:00,,,,,long_mixed_workload
2026-07-21T23:02:41+01:00,,,,,long_mixed_workload
2026-07-21T23:02:56+01:00,,,,,long_mixed_workload
2026-07-21T23:03:12+01:00,,,,,long_mixed_workload
2026-07-21T23:03:28+01:00,,,,,long_mixed_workload
2026-07-21T23:03:43+01:00,,,,,long_mixed_workload
2026-07-21T23:03:59+01:00,,,,,long_mixed_workload
2026-07-21T23:04:15+01:00,,,,,long_mixed_workload
2026-07-21T23:04:31+01:00,,,,,long_mixed_workload
2026-07-21T23:04:47+01:00,,,,,long_mixed_workload
2026-07-21T23:05:02+01:00,,,,,long_mixed_workload
2026-07-21T23:05:18+01:00,,,,,long_mixed_workload
2026-07-21T23:05:34+01:00,,,,,long_mixed_workload
2026-07-21T23:05:50+01:00,,,,,long_mixed_workload
2026-07-21T23:06:05+01:00,,,,,long_mixed_workload
2026-07-21T23:06:21+01:00,,,,,long_mixed_workload
2026-07-21T23:06:37+01:00,,,,,long_mixed_workload
2026-07-21T23:06:53+01:00,,,,,long_mixed_workload
2026-07-21T23:07:08+01:00,,,,,long_mixed_workload
2026-07-21T23:07:24+01:00,,,,,long_mixed_workload
2026-07-21T23:07:40+01:00,,,,,long_mixed_workload
2026-07-21T23:07:56+01:00,,,,,long_mixed_workload
2026-07-21T23:08:12+01:00,,,,,long_mixed_workload
2026-07-21T23:08:27+01:00,,,,,long_mixed_workload
2026-07-21T23:08:43+01:00,,,,,long_mixed_workload
2026-07-21T23:09:01+01:00,,,,,long_mixed_workload
2026-07-21T23:09:17+01:00,,,,,long_mixed_workload
2026-07-21T23:09:33+01:00,,,,,long_mixed_workload
2026-07-21T23:09:49+01:00,,,,,long_mixed_workload
2026-07-21T23:10:06+01:00,,,,,long_mixed_workload
2026-07-21T23:10:24+01:00,,,,,long_mixed_workload
2026-07-21T23:10:40+01:00,,,,,long_mixed_workload
2026-07-21T23:10:57+01:00,,,,,long_mixed_workload
2026-07-21T23:11:13+01:00,,,,,long_mixed_workload
2026-07-21T23:11:29+01:00,,,,,long_mixed_workload
2026-07-21T23:11:44+01:00,,,,,long_mixed_workload
2026-07-21T23:12:00+01:00,,,,,long_mixed_workload
2026-07-21T23:12:16+01:00,,,,,long_mixed_workload
2026-07-21T23:12:31+01:00,,,,,long_mixed_workload
2026-07-21T23:12:47+01:00,,,,,long_mixed_workload
2026-07-21T23:13:03+01:00,,,,,long_mixed_workload
2026-07-21T23:13:19+01:00,,,,,long_mixed_workload
2026-07-21T23:13:35+01:00,,,,,long_mixed_workload
2026-07-21T23:13:50+01:00,,,,,long_mixed_workload
2026-07-21T23:14:06+01:00,1.0,1.0,,50.0,long_mixed_workload
2026-07-21T23:14:22+01:00,1.0,1.0,,50.0,long_mixed_workload
2026-07-21T23:14:38+01:00,1.0,1.0,,50.0,long_mixed_workload
2026-07-21T23:14:54+01:00,1.0,1.0,,50.0,long_mixed_workload
2026-07-21T23:15:10+01:00,1.0,1.0,,50.0,long_mixed_workload
2026-07-21T23:15:26+01:00,1.0,1.0,,50.0,long_mixed_workload
2026-07-21T23:15:42+01:00,1.0,1.0,,50.0,long_mixed_workload
2026-07-21T23:15:58+01:00,1.0,1.0,,50.0,long_mixed_workload
2026-07-21T23:16:14+01:00,1.0,1.0,,50.0,long_mixed_workload
2026-07-21T23:16:30+01:00,1.0,1.0,,50.0,long_mixed_workload
2026-07-21T23:16:45+01:00,1.0,1.0,,50.0,long_mixed_workload
2026-07-21T23:17:01+01:00,1.0,1.0,0.0,50.0,long_mixed_workload
2026-07-21T23:17:17+01:00,1.0,1.0,0.0,50.0,long_mixed_workload
2026-07-21T23:17:33+01:00,1.0,1.0,0.0,50.0,long_mixed_workload
2026-07-21T23:17:49+01:00,1.0,1.0,0.0,50.0,long_mixed_workload
2026-07-21T23:18:05+01:00,1.0,1.0,0.0,50.0,long_mixed_workload
2026-07-21T23:18:21+01:00,1.0,1.0,0.0,50.0,long_mixed_workload
2026-07-21T23:18:37+01:00,1.0,1.0,0.0,50.0,long_mixed_workload
2026-07-21T23:18:53+01:00,1.0,1.0,0.0,50.0,long_mixed_workload
2026-07-21T23:19:09+01:00,1.0,1.0,0.0,50.0,long_mixed_workload
2026-07-21T23:19:25+01:00,1.0,1.0,0.0,50.0,long_mixed_workload
2026-07-21T23:19:41+01:00,1.0,1.0,0.0,50.0,long_mixed_workload
2026-07-21T23:19:57+01:00,1.0,1.0,0.0,50.0,long_mixed_workload
2026-07-21T23:20:13+01:00,1.0,1.0,0.0,50.0,long_mixed_workload
2026-07-21T23:20:28+01:00,1.0,1.0,0.0,50.0,long_mixed_workload
2026-07-21T23:20:44+01:00,1.0,1.0,0.0,50.0,long_mixed_workload
2026-07-21T23:21:00+01:00,1.0,1.0,0.0,50.0,long_mixed_workload
2026-07-21T23:21:16+01:00,1.0,1.0,0.0,50.0,long_mixed_workload
2026-07-21T23:21:32+01:00,1.0,1.0,0.0,50.0,long_mixed_workload
2026-07-21T23:21:48+01:00,1.0,1.0,0.0,50.0,long_mixed_workload
2026-07-21T23:22:04+01:00,1.0,1.0,0.0,50.0,long_mixed_workload
2026-07-21T23:22:20+01:00,1.0,1.0,0.0,50.0,long_mixed_workload
2026-07-21T23:22:35+01:00,1.0,1.0,0.0,50.0,long_mixed_workload
2026-07-21T23:22:51+01:00,1.0,1.0,0.0,50.0,long_mixed_workload
2026-07-21T23:23:07+01:00,1.0,1.0,0.0,50.0,long_mixed_workload
2026-07-21T23:23:23+01:00,1.0,1.0,0.0,50.0,long_mixed_workload
2026-07-21T23:23:39+01:00,1.0,1.0,0.0,50.0,long_mixed_workload
2026-07-21T23:23:54+01:00,1.0,1.0,0.0,50.0,long_mixed_workload
2026-07-21T23:24:10+01:00,1.0,1.0,0.0,50.0,long_mixed_workload
2026-07-21T23:24:26+01:00,1.0,1.0,0.0,50.0,long_mixed_workload
2026-07-21T23:24:42+01:00,1.0,1.0,0.0,50.0,long_mixed_workload
2026-07-21T23:24:58+01:00,1.0,1.0,0.0,50.0,long_mixed_workload
2026-07-21T23:25:14+01:00,1.0,1.0,0.0,50.0,long_mixed_workload
2026-07-21T23:25:29+01:00,1.0,1.0,0.0,50.0,long_mixed_workload
2026-07-21T23:25:45+01:00,1.0,1.0,0.0,50.0,long_mixed_workload
2026-07-21T23:26:01+01:00,1.0,1.0,0.0,50.0,long_mixed_workload
2026-07-21T23:26:17+01:00,1.0,1.0,0.0,50.0,long_mixed_workload
2026-07-21T23:26:33+01:00,1.0,1.0,0.0,50.0,long_mixed_workload
2026-07-21T23:26:49+01:00,1.0,1.0,0.0,50.0,long_mixed_workload
2026-07-21T23:27:04+01:00,1.0,1.0,0.0,50.0,long_mixed_workload
2026-07-21T23:27:20+01:00,1.0,1.0,0.0,50.0,long_mixed_workload
2026-07-21T23:27:36+01:00,1.0,1.0,0.0,50.0,long_mixed_workload
2026-07-21T23:27:52+01:00,1.0,1.0,0.0,50.0,long_mixed_workload
2026-07-21T23:28:08+01:00,1.0,1.0,0.0,50.0,long_mixed_workload
2026-07-21T23:28:23+01:00,1.0,1.0,0.0,50.0,long_mixed_workload
2026-07-21T23:28:39+01:00,1.0,1.0,0.0,50.0,long_mixed_workload
2026-07-21T23:28:55+01:00,1.0,1.0,1.0,50.0,long_mixed_workload
2026-07-21T23:29:11+01:00,1.0,1.0,1.0,50.0,long_mixed_workload
2026-07-21T23:29:27+01:00,1.0,1.0,1.0,50.0,long_mixed_workload
2026-07-21T23:29:43+01:00,1.0,1.0,1.0,50.0,long_mixed_workload
2026-07-21T23:29:59+01:00,1.0,1.0,0.0,50.0,long_mixed_workload
2026-07-21T23:30:15+01:00,1.0,1.0,0.0,50.0,long_mixed_workload
2026-07-21T23:30:31+01:00,1.0,1.0,0.0,50.0,long_mixed_workload
2026-07-21T23:30:46+01:00,1.0,1.0,0.0,50.0,long_mixed_workload
2026-07-21T23:31:02+01:00,1.0,1.0,1.0,50.0,long_mixed_workload
2026-07-21T23:38:13+01:00,1.0,1.0,7.0,50.0,random_bursty_workload
2026-07-21T23:38:31+01:00,1.0,1.0,7.0,50.0,random_bursty_workload
2026-07-21T23:38:47+01:00,1.0,1.0,7.0,50.0,random_bursty_workload
2026-07-21T23:39:03+01:00,1.0,2.0,99.0,50.0,random_bursty_workload
2026-07-21T23:39:19+01:00,2.0,2.0,99.0,50.0,random_bursty_workload
2026-07-21T23:39:35+01:00,2.0,2.0,99.0,50.0,random_bursty_workload
2026-07-21T23:39:51+01:00,2.0,2.0,99.0,50.0,random_bursty_workload
2026-07-21T23:40:06+01:00,2.0,4.0,174.0,50.0,random_bursty_workload
2026-07-21T23:40:22+01:00,4.0,4.0,174.0,50.0,random_bursty_workload
2026-07-21T23:40:38+01:00,4.0,4.0,174.0,50.0,random_bursty_workload
2026-07-21T23:40:53+01:00,4.0,7.0,173.0,50.0,random_bursty_workload
2026-07-21T23:41:09+01:00,7.0,7.0,175.0,50.0,random_bursty_workload
2026-07-21T23:41:25+01:00,7.0,7.0,175.0,50.0,random_bursty_workload
2026-07-21T23:41:41+01:00,7.0,14.0,151.0,50.0,random_bursty_workload
2026-07-21T23:41:57+01:00,14.0,16.0,151.0,50.0,random_bursty_workload
2026-07-21T23:42:13+01:00,16.0,16.0,151.0,50.0,random_bursty_workload
2026-07-21T23:42:28+01:00,16.0,16.0,151.0,50.0,random_bursty_workload
2026-07-21T23:42:44+01:00,16.0,20.0,151.0,50.0,random_bursty_workload
2026-07-21T23:43:00+01:00,20.0,20.0,151.0,50.0,random_bursty_workload
2026-07-21T23:43:16+01:00,20.0,20.0,151.0,50.0,random_bursty_workload
2026-07-21T23:43:32+01:00,20.0,20.0,151.0,50.0,random_bursty_workload
2026-07-21T23:43:48+01:00,20.0,20.0,113.0,50.0,random_bursty_workload
2026-07-21T23:44:03+01:00,20.0,20.0,115.0,50.0,random_bursty_workload
2026-07-21T23:44:19+01:00,20.0,20.0,113.0,50.0,random_bursty_workload
2026-07-21T23:44:35+01:00,20.0,20.0,115.0,50.0,random_bursty_workload
2026-07-21T23:44:51+01:00,20.0,20.0,94.0,50.0,random_bursty_workload
2026-07-21T23:45:07+01:00,20.0,20.0,94.0,50.0,random_bursty_workload
2026-07-21T23:45:23+01:00,20.0,20.0,94.0,50.0,random_bursty_workload
2026-07-21T23:45:39+01:00,20.0,20.0,77.0,50.0,random_bursty_workload
2026-07-21T23:45:55+01:00,20.0,20.0,77.0,50.0,random_bursty_workload
2026-07-21T23:46:11+01:00,20.0,20.0,78.0,50.0,random_bursty_workload
2026-07-21T23:46:27+01:00,20.0,20.0,78.0,50.0,random_bursty_workload
2026-07-21T23:46:42+01:00,20.0,20.0,151.0,50.0,random_bursty_workload
2026-07-21T23:46:58+01:00,20.0,20.0,152.0,50.0,random_bursty_workload
2026-07-21T23:47:15+01:00,20.0,20.0,151.0,50.0,random_bursty_workload
2026-07-21T23:47:31+01:00,20.0,20.0,151.0,50.0,random_bursty_workload
2026-07-21T23:47:47+01:00,20.0,20.0,152.0,50.0,random_bursty_workload
2026-07-21T23:48:03+01:00,20.0,20.0,152.0,50.0,random_bursty_workload
2026-07-21T23:48:19+01:00,20.0,20.0,152.0,50.0,random_bursty_workload
2026-07-21T23:48:34+01:00,20.0,20.0,152.0,50.0,random_bursty_workload
2026-07-21T23:48:50+01:00,20.0,20.0,152.0,50.0,random_bursty_workload
2026-07-21T23:49:06+01:00,20.0,20.0,152.0,50.0,random_bursty_workload
2026-07-21T23:49:22+01:00,20.0,20.0,152.0,50.0,random_bursty_workload
2026-07-21T23:49:38+01:00,20.0,20.0,152.0,50.0,random_bursty_workload
2026-07-21T23:49:54+01:00,20.0,20.0,151.0,50.0,random_bursty_workload
2026-07-21T23:50:10+01:00,20.0,20.0,151.0,50.0,random_bursty_workload
2026-07-21T23:50:26+01:00,20.0,20.0,151.0,50.0,random_bursty_workload
2026-07-21T23:50:42+01:00,20.0,20.0,150.0,50.0,random_bursty_workload
2026-07-21T23:50:58+01:00,20.0,20.0,151.0,50.0,random_bursty_workload
2026-07-21T23:51:14+01:00,20.0,20.0,150.0,50.0,random_bursty_workload
2026-07-21T23:51:29+01:00,20.0,20.0,150.0,50.0,random_bursty_workload
2026-07-21T23:51:45+01:00,20.0,20.0,141.0,50.0,random_bursty_workload
2026-07-21T23:52:01+01:00,20.0,20.0,141.0,50.0,random_bursty_workload
2026-07-21T23:52:17+01:00,20.0,20.0,141.0,50.0,random_bursty_workload
2026-07-21T23:52:33+01:00,20.0,20.0,141.0,50.0,random_bursty_workload
2026-07-21T23:52:49+01:00,20.0,20.0,139.0,50.0,random_bursty_workload
2026-07-21T23:53:06+01:00,20.0,20.0,140.0,50.0,random_bursty_workload
2026-07-21T23:53:22+01:00,20.0,20.0,139.0,50.0,random_bursty_workload
2026-07-21T23:53:38+01:00,20.0,20.0,140.0,50.0,random_bursty_workload
2026-07-21T23:53:54+01:00,20.0,20.0,131.0,50.0,random_bursty_workload
2026-07-21T23:54:10+01:00,20.0,20.0,131.0,50.0,random_bursty_workload
2026-07-21T23:54:26+01:00,20.0,20.0,131.0,50.0,random_bursty_workload
2026-07-21T23:54:42+01:00,20.0,20.0,144.0,50.0,random_bursty_workload
2026-07-21T23:54:58+01:00,20.0,20.0,144.0,50.0,random_bursty_workload
2026-07-21T23:55:14+01:00,20.0,20.0,144.0,50.0,random_bursty_workload
2026-07-21T23:55:30+01:00,20.0,20.0,144.0,50.0,random_bursty_workload
2026-07-21T23:55:46+01:00,20.0,20.0,150.0,50.0,random_bursty_workload
2026-07-21T23:56:02+01:00,20.0,20.0,150.0,50.0,random_bursty_workload
2026-07-21T23:56:18+01:00,20.0,20.0,151.0,50.0,random_bursty_workload
2026-07-21T23:56:35+01:00,20.0,20.0,151.0,50.0,random_bursty_workload
2026-07-21T23:56:50+01:00,20.0,20.0,127.0,50.0,random_bursty_workload
2026-07-21T23:57:07+01:00,20.0,20.0,127.0,50.0,random_bursty_workload
2026-07-21T23:57:23+01:00,20.0,20.0,126.0,50.0,random_bursty_workload
2026-07-21T23:57:39+01:00,20.0,20.0,127.0,50.0,random_bursty_workload
2026-07-21T23:57:55+01:00,20.0,20.0,134.0,50.0,random_bursty_workload
2026-07-21T23:58:11+01:00,20.0,20.0,133.0,50.0,random_bursty_workload
2026-07-21T23:58:27+01:00,20.0,20.0,133.0,50.0,random_bursty_workload
2026-07-21T23:58:43+01:00,20.0,20.0,152.0,50.0,random_bursty_workload
2026-07-21T23:58:59+01:00,20.0,20.0,152.0,50.0,random_bursty_workload
2026-07-21T23:59:15+01:00,20.0,20.0,152.0,50.0,random_bursty_workload
2026-07-21T23:59:31+01:00,20.0,20.0,152.0,50.0,random_bursty_workload
2026-07-21T23:59:47+01:00,20.0,20.0,153.0,50.0,random_bursty_workload
2026-07-22T00:00:04+01:00,20.0,20.0,153.0,50.0,random_bursty_workload
2026-07-22T00:00:20+01:00,20.0,20.0,152.0,50.0,random_bursty_workload
2026-07-22T00:00:36+01:00,20.0,20.0,152.0,50.0,random_bursty_workload
2026-07-22T00:00:52+01:00,20.0,20.0,151.0,50.0,random_bursty_workload
2026-07-22T00:01:08+01:00,20.0,20.0,151.0,50.0,random_bursty_workload
2026-07-22T00:01:24+01:00,20.0,20.0,151.0,50.0,random_bursty_workload
2026-07-22T00:01:40+01:00,20.0,20.0,151.0,50.0,random_bursty_workload
2026-07-22T00:01:56+01:00,20.0,20.0,152.0,50.0,random_bursty_workload
2026-07-22T00:02:12+01:00,20.0,20.0,152.0,50.0,random_bursty_workload
2026-07-22T00:02:28+01:00,20.0,20.0,150.0,50.0,random_bursty_workload
2026-07-22T00:02:44+01:00,20.0,20.0,153.0,50.0,random_bursty_workload
2026-07-22T00:03:00+01:00,20.0,20.0,151.0,50.0,random_bursty_workload
2026-07-22T00:03:16+01:00,20.0,20.0,151.0,50.0,random_bursty_workload
2026-07-22T00:03:32+01:00,20.0,20.0,151.0,50.0,random_bursty_workload
2026-07-22T00:03:48+01:00,20.0,20.0,131.0,50.0,random_bursty_workload
2026-07-22T00:04:04+01:00,20.0,20.0,131.0,50.0,random_bursty_workload
2026-07-22T00:04:20+01:00,20.0,20.0,131.0,50.0,random_bursty_workload
2026-07-22T00:04:36+01:00,20.0,20.0,131.0,50.0,random_bursty_workload
2026-07-22T00:04:52+01:00,20.0,20.0,144.0,50.0,random_bursty_workload
2026-07-22T00:05:08+01:00,20.0,20.0,144.0,50.0,random_bursty_workload
2026-07-22T00:05:24+01:00,20.0,20.0,144.0,50.0,random_bursty_workload
2026-07-22T00:05:40+01:00,20.0,20.0,144.0,50.0,random_bursty_workload
2026-07-22T00:05:57+01:00,20.0,20.0,151.0,50.0,random_bursty_workload
2026-07-22T00:06:13+01:00,20.0,20.0,151.0,50.0,random_bursty_workload
2026-07-22T00:06:29+01:00,20.0,20.0,151.0,50.0,random_bursty_workload
2026-07-22T00:06:45+01:00,20.0,20.0,152.0,50.0,random_bursty_workload
2026-07-22T00:07:01+01:00,20.0,20.0,152.0,50.0,random_bursty_workload
2026-07-22T00:07:17+01:00,20.0,20.0,152.0,50.0,random_bursty_workload
2026-07-22T00:07:32+01:00,20.0,20.0,152.0,50.0,random_bursty_workload
2026-07-22T00:07:48+01:00,20.0,20.0,153.0,50.0,random_bursty_workload
2026-07-22T00:08:04+01:00,20.0,20.0,153.0,50.0,random_bursty_workload
2026-07-22T00:08:20+01:00,20.0,20.0,153.0,50.0,random_bursty_workload
2026-07-22T00:08:36+01:00,20.0,20.0,152.0,50.0,random_bursty_workload
2026-07-22T00:08:52+01:00,20.0,20.0,152.0,50.0,random_bursty_workload
2026-07-22T00:09:08+01:00,20.0,20.0,152.0,50.0,random_bursty_workload
2026-07-22T00:09:24+01:00,20.0,20.0,152.0,50.0,random_bursty_workload
2026-07-22T00:09:40+01:00,20.0,20.0,152.0,50.0,random_bursty_workload
2026-07-22T00:09:56+01:00,20.0,20.0,153.0,50.0,random_bursty_workload
2026-07-22T00:10:12+01:00,20.0,20.0,153.0,50.0,random_bursty_workload
2026-07-22T00:10:28+01:00,20.0,20.0,153.0,50.0,random_bursty_workload
2026-07-22T00:10:44+01:00,20.0,20.0,153.0,50.0,random_bursty_workload
2026-07-22T00:11:00+01:00,20.0,20.0,151.0,50.0,random_bursty_workload
2026-07-22T00:11:16+01:00,20.0,20.0,151.0,50.0,random_bursty_workload
2026-07-22T00:11:32+01:00,20.0,20.0,151.0,50.0,random_bursty_workload
2026-07-22T00:11:48+01:00,20.0,20.0,143.0,50.0,random_bursty_workload
2026-07-22T00:12:04+01:00,20.0,20.0,141.0,50.0,random_bursty_workload
2026-07-22T00:12:20+01:00,20.0,20.0,143.0,50.0,random_bursty_workload
2026-07-22T00:12:36+01:00,20.0,20.0,143.0,50.0,random_bursty_workload
2026-07-22T00:12:52+01:00,20.0,20.0,149.0,50.0,random_bursty_workload
2026-07-22T00:13:08+01:00,20.0,20.0,149.0,50.0,random_bursty_workload
2026-07-22T00:13:24+01:00,20.0,20.0,149.0,50.0,random_bursty_workload
2026-07-22T00:13:40+01:00,20.0,20.0,149.0,50.0,random_bursty_workload
2026-07-22T00:13:56+01:00,20.0,20.0,129.0,50.0,random_bursty_workload
2026-07-22T00:14:12+01:00,20.0,20.0,129.0,50.0,random_bursty_workload
2026-07-22T00:14:28+01:00,20.0,20.0,129.0,50.0,random_bursty_workload
2026-07-22T00:14:44+01:00,20.0,20.0,129.0,50.0,random_bursty_workload
2026-07-22T00:15:00+01:00,20.0,20.0,145.0,50.0,random_bursty_workload
2026-07-22T00:15:16+01:00,20.0,20.0,145.0,50.0,random_bursty_workload
2026-07-22T00:15:32+01:00,20.0,20.0,144.0,50.0,random_bursty_workload
2026-07-22T00:15:48+01:00,20.0,20.0,153.0,50.0,random_bursty_workload
2026-07-22T00:16:04+01:00,20.0,20.0,151.0,50.0,random_bursty_workload
2026-07-22T00:16:21+01:00,20.0,20.0,153.0,50.0,random_bursty_workload
2026-07-22T00:16:37+01:00,20.0,20.0,153.0,50.0,random_bursty_workload
2026-07-22T00:16:53+01:00,20.0,20.0,151.0,50.0,random_bursty_workload
2026-07-22T00:17:09+01:00,20.0,20.0,151.0,50.0,random_bursty_workload
2026-07-22T00:17:24+01:00,20.0,20.0,151.0,50.0,random_bursty_workload
2026-07-22T00:17:40+01:00,20.0,20.0,151.0,50.0,random_bursty_workload
2026-07-22T00:17:56+01:00,20.0,20.0,153.0,50.0,random_bursty_workload
2026-07-22T00:18:13+01:00,20.0,20.0,152.0,50.0,random_bursty_workload
2026-07-22T00:18:29+01:00,20.0,20.0,153.0,50.0,random_bursty_workload
2026-07-22T00:18:45+01:00,20.0,20.0,153.0,50.0,random_bursty_workload
2026-07-22T00:19:00+01:00,20.0,20.0,151.0,50.0,random_bursty_workload
2026-07-22T00:19:16+01:00,20.0,20.0,151.0,50.0,random_bursty_workload
2026-07-22T00:19:32+01:00,20.0,20.0,151.0,50.0,random_bursty_workload
2026-07-22T00:19:48+01:00,20.0,20.0,150.0,50.0,random_bursty_workload
2026-07-22T00:20:04+01:00,20.0,20.0,150.0,50.0,random_bursty_workload
2026-07-22T00:20:20+01:00,20.0,20.0,150.0,50.0,random_bursty_workload
2026-07-22T00:20:35+01:00,20.0,20.0,150.0,50.0,random_bursty_workload
2026-07-22T00:20:51+01:00,20.0,20.0,102.0,50.0,random_bursty_workload
2026-07-22T00:21:06+01:00,20.0,20.0,102.0,50.0,random_bursty_workload
2026-07-22T00:21:22+01:00,20.0,20.0,102.0,50.0,random_bursty_workload
